protocol,direction,subject,kind,replicates,n_training_people,n_original_training_rows,full_weight,weight_min,weight_max,weight_q025,weight_median,weight_q975,fraction_weight_gt_0_4,fraction_same_side_of_0_4_as_full,ood_fallback_fraction,benefit_q025,benefit_q975,catastrophe_q025,catastrophe_q975,single_class_catastrophe_fraction
cross_task,arithmetic_to_stroop,1,leave_one_meta_row_out,24,12,24,0.79999866518238449,0.7999956485884212,0.79999974722329836,0.79999575000804557,0.79999858353260955,0.7999996657346724,1,1,0,0.24339351559515074,0.29466649268319117,0.0044320056238307598,0.011264836892145944,0.04166666666666663
cross_task,arithmetic_to_stroop,1,row_bootstrap,1000,12,24,0.79999866518238449,0.63200290227264566,0.79999999999591287,0.79901322225624427,0.79999908686144383,0.7999999984904409,1,1,0,0.13394661416112436,0.40214077168459811,0,0.026859800905091349,0.36099999999999999
cross_task,arithmetic_to_stroop,2,leave_one_meta_row_out,24,12,24,0.79999995537500446,0.79999985051433531,0.7999999894173162,0.79999987569066167,0.79999994605238034,0.79999998697691654,1,1,0,0.31474131602062511,0.35980509394606269,0.0095654149415441217,0.018782246186810521,0.04166666666666663
cross_task,arithmetic_to_stroop,2,row_bootstrap,1000,12,24,0.79999995537500446,0.79915031399503644,0.79999999999998705,0.7999788526779541,0.79999992202713233,0.79999999989047788,1,1,0,0.21157532420857833,0.45423781675887048,0,0.053018576498902119,0.373
cross_task,arithmetic_to_stroop,3,leave_one_meta_row_out,24,12,24,0.79998059940681543,0.79995974394361857,0.79999505473069088,0.79996062531180623,0.79998135779893742,0.79999416398896905,1,1,0,0.19896636570989079,0.23729335710912439,0.0055499911614945675,0.01288130191240653,0.04166666666666663
cross_task,arithmetic_to_stroop,3,row_bootstrap,1000,12,24,0.79998059940681543,0.77444828600995863,0.79999999985334136,0.79806412039041286,0.79998626812625839,0.79999995355156817,1,1,0,0.12063899223794462,0.33375086995539416,0,0.041877815946584004,0.33099999999999996
cross_task,arithmetic_to_stroop,4,leave_one_meta_row_out,24,12,24,0.33750208619739069,0.038500686447374026,0.71633954907987507,0.095842143950946354,0.36139164479777863,0.58479239377194425,0.33333333333333331,0.66666666666666663,0,-0.039427059535180602,0.026374552329077823,0.018829788947929284,0.085079942763933492,0.04166666666666663
cross_task,arithmetic_to_stroop,4,row_bootstrap,1000,12,24,0.33750208619739069,0,0.79999999548041478,0,0.40000000000000002,0.79785592835517216,0.34399999999999997,0.65600000000000003,0.032000000000000001,-0.18166059232380696,0.11878136867590726,0,0.46459030946022739,0.35199999999999998
cross_task,arithmetic_to_stroop,5,leave_one_meta_row_out,24,12,24,0.7999978157719948,0.79999611340235754,0.79999927643049706,0.79999613455485385,0.7999979290746948,0.79999926872162774,1,1,0,0.2453141386351898,0.27861690062729472,0.00435185099544256,0.01125507541933434,0.04166666666666663
cross_task,arithmetic_to_stroop,5,row_bootstrap,1000,12,24,0.7999978157719948,0.78921400080084148,0.79999999973450842,0.79976739805739194,0.79999806873892298,0.7999999875612045,1,1,0,0.16285496202411007,0.35997693230616934,0,0.022560922675699199,0.375
cross_task,arithmetic_to_stroop,6,leave_one_meta_row_out,24,12,24,0.79999988253624632,0.79999937494496931,0.7999999985958921,0.79999953999996698,0.79999983460980328,0.7999999895820975,1,1,0,0.29463599489661146,0.38646132090331803,0.061902492889642162,0.35749219924883063,0.04166666666666663
cross_task,arithmetic_to_stroop,6,row_bootstrap,1000,12,24,0.79999988253624632,0,0.79999999999999738,0.79942541134615297,0.79999995395958434,0.79999999999999738,0.99199999999999999,0.99199999999999999,0.0080000000000000002,0.18600549237057856,0.66666666666666674,0,0.9389561991447567,0.31799999999999995
cross_task,arithmetic_to_stroop,7,leave_one_meta_row_out,24,12,24,0.79999472126260995,0.77613506605487803,0.79999999999771387,0.78973274882348821,0.79999391859024416,0.79999981453541003,1,1,0,0.12404770786955355,0.39526303736272722,0,0,1
cross_task,arithmetic_to_stroop,7,row_bootstrap,1000,12,24,0.79999472126260995,0,0.80000000000000004,0,0.79995147432734581,0.80000000000000004,0.67700000000000005,0.67700000000000005,0.219,0,0.80848306172302564,0,0,1
cross_task,arithmetic_to_stroop,8,leave_one_meta_row_out,24,12,24,0.7999929323216004,0.79998071062326803,0.799998853434852,0.79998262609498205,0.79999231281246619,0.7999986032378622,1,1,0,0.215289966801016,0.26585379623957622,0.003256557204806736,0.0097366391547472602,0.04166666666666663
cross_task,arithmetic_to_stroop,8,row_bootstrap,1000,12,24,0.7999929323216004,0.40000000000000002,0.79999999969125912,0.79373940670240084,0.7999926174506532,0.79999998990224996,0.999,0.999,0,0.10335949460187017,0.3641194990698583,0,0.041175827437537636,0.35899999999999999
cross_task,arithmetic_to_stroop,9,leave_one_meta_row_out,24,12,24,0.79996912158461608,0.79981287735955942,0.79999687516746021,0.79982258164958675,0.79996340584384695,0.79999644641147305,1,1,0,0.1694571819990999,0.24768463584191416,0.0062576431169169694,0.02651544785174215,0.04166666666666663
cross_task,arithmetic_to_stroop,9,row_bootstrap,1000,12,24,0.79996912158461608,7.5584825775440012e-05,0.79999999990198656,0.1321352027732311,0.79993436781556393,0.79999999764421925,0.93300000000000005,0.93300000000000005,0,-0.032046326768694566,0.39371839246684759,0,0.10227231445853405,0.34899999999999998
cross_task,arithmetic_to_stroop,10,leave_one_meta_row_out,24,12,24,0.79999999997252424,0.79999999898981433,0.79999999999820803,0.79999999953184409,0.79999999997447424,0.7999999999960048,1,1,0,0.44468274128854707,0.52437020904382958,0.025444317558020676,0.075420512016410937,0.04166666666666663
cross_task,arithmetic_to_stroop,10,row_bootstrap,1000,12,24,0.79999999997252424,2.510798460130258e-07,0.80000000000000004,0.79997840009347454,0.79999999998825788,0.79999999999999705,0.999,0.999,0,0.21712814456332785,0.66666666666666674,0,0.24499355110485665,0.34399999999999997
cross_task,arithmetic_to_stroop,11,leave_one_meta_row_out,24,12,24,0.79999999968287927,0.79999999821473533,0.79999999992883408,0.79999999851164716,0.79999999965246738,0.7999999999084545,1,1,0,0.40270107973806019,0.45855991724050749,0.0035312289376933006,0.014087205589916137,0.04166666666666663
cross_task,arithmetic_to_stroop,11,row_bootstrap,1000,12,24,0.79999999968287927,0.79985431485535663,0.80000000000000004,0.79999977715598836,0.79999999968783375,0.79999999999986127,1,1,0,0.30188226197669427,0.58768291360038227,0,0.071440145492686014,0.34999999999999998
cross_task,arithmetic_to_stroop,12,leave_one_meta_row_out,24,12,24,0.80000000000000004,0.79999999999999738,0.80000000000000004,0.79999999999999871,0.80000000000000004,0.80000000000000004,1,1,0,0.69309908927765673,0.89919821814707757,0.0018264674947603738,0.0064828799332895736,0.04166666666666663
cross_task,arithmetic_to_stroop,12,row_bootstrap,1000,12,24,0.80000000000000004,0,0.80000000000000004,0.79999995323184869,0.79999999999999738,0.80000000000000004,0.999,0.999,0.001,0.33333333333333331,1,0,0.015163403635307859,0.377
cross_task,arithmetic_to_stroop,13,leave_one_meta_row_out,24,12,24,0.7914553484756639,0.66237289349492556,0.79882952873323065,0.68917795824409411,0.79342681725807251,0.79859363636804037,1,1,0,0.044898247518085278,0.13017468523142386,0.052810376693550466,0.15868551735676051,0.04166666666666663
cross_task,arithmetic_to_stroop,13,row_bootstrap,1000,12,24,0.7914553484756639,0,0.79999999999874893,0.017729822766461824,0.79157056930837766,0.79999994712103362,0.86099999999999999,0.86099999999999999,0.001,-0.050956550543516617,0.33464692108200234,0,0.66773830107817933,0.40000000000000002
cross_task,stroop_to_arithmetic,1,leave_one_meta_row_out,24,12,24,0.79999999728593996,0.79999998281314921,0.79999999963969681,0.79999998494010116,0.79999999717377435,0.79999999937992539,1,1,0,0.35618001524186932,0.42134799532334988,0.0026410793654902034,0.0086313901409646628,0.04166666666666663
cross_task,stroop_to_arithmetic,1,row_bootstrap,1000,12,24,0.79999999728593996,0.7457457346198112,0.79999999999999738,0.79996590717459781,0.79999999789881837,0.79999999999929616,1,1,0,0.20144000511915008,0.55544113127058847,0,0.021305615147198333,0.378
cross_task,stroop_to_arithmetic,2,leave_one_meta_row_out,24,12,24,0.79806008914439497,0.78727347749467436,0.79956343973009325,0.7913526920645918,0.79782128190559798,0.79953086425555231,1,1,0,0.093454085496239805,0.15025761366178803,0.011975776222758671,0.033611703831045232,0.04166666666666663
cross_task,stroop_to_arithmetic,2,row_bootstrap,1000,12,24,0.79806008914439497,0.0028193997586002223,0.79999999032449709,0.40000000000000002,0.79802878412200617,0.79999671240354375,0.96899999999999997,0.96899999999999997,0,0,0.24870527781657703,0,0.096871219684802626,0.373
cross_task,stroop_to_arithmetic,3,leave_one_meta_row_out,24,12,24,0.61723883382622946,0.32333228660418456,0.79542506805317859,0.37179684448893258,0.62202199725252838,0.78504836153529955,0.95833333333333337,0.95833333333333337,0,-0.00089532021504015735,0.086502401100343254,0.01124608817760437,0.041120758259121634,0.04166666666666663
cross_task,stroop_to_arithmetic,3,row_bootstrap,1000,12,24,0.61723883382622946,0,0.7999999862563234,0.0024461184871701794,0.74486643446126877,0.79999792721144813,0.71199999999999997,0.71199999999999997,0.001,-0.10391908932874726,0.2580671862259038,0,0.13959865816732703,0.36599999999999999
cross_task,stroop_to_arithmetic,4,leave_one_meta_row_out,24,12,24,0.0057675659963856707,0.00082615767450974179,0.40000000000000002,0.0014968217550735503,0.008315692186554648,0.20497550138363541,0,1,0,-0.11691402915704208,-0.024123656482577943,0.078628271013263071,0.20599237203736906,0.04166666666666663
cross_task,stroop_to_arithmetic,4,row_bootstrap,1000,12,24,0.0057675659963856707,0,0.79999999961499335,3.4142562880161211e-06,0.083847832640752337,0.79865692354843498,0.157,0.84299999999999997,0.0030000000000000001,-0.2175057396036961,0.13026552198640318,0,0.79396632879033335,0.35199999999999998
cross_task,stroop_to_arithmetic,5,leave_one_meta_row_out,24,12,24,0.79999987891848312,0.79999850667631212,0.7999999952594421,0.79999855752149973,0.79999984008918656,0.79999997987709404,1,1,0,0.26556754731908205,0.35812915262992179,0.0052410495068040321,0.022373883024179315,0.04166666666666663
cross_task,stroop_to_arithmetic,5,row_bootstrap,1000,12,24,0.79999987891848312,0,0.79999999999999671,0,0.79999938850372909,0.79999999999371507,0.94899999999999995,0.94899999999999995,0.042999999999999997,0.053429690634137814,0.51182117846862918,0,0.076822918011821645,0.375
cross_task,stroop_to_arithmetic,6,leave_one_meta_row_out,24,12,24,0.79999999999999682,0.79999999999999472,0.79999999999999738,0.79999999999999549,0.79999999999999682,0.79999999999999716,1,1,0,0.66251149922821684,0.66666666666666674,0.026941352058146507,0.13058592530420973,0.04166666666666663
cross_task,stroop_to_arithmetic,6,row_bootstrap,1000,12,24,0.79999999999999682,0,0.79999999999999738,0.74500892854694345,0.79999999999999594,0.79999999999999738,0.97499999999999998,0.97499999999999998,0.025000000000000001,0.33333333333333331,0.66666666666666674,0,0.48830278441854086,0.38
cross_task,stroop_to_arithmetic,7,leave_one_meta_row_out,24,12,24,0.79999999999969917,0.79999999988660542,0.80000000000000004,0.79999999994663373,0.79999999999971028,0.79999999999995952,1,1,0,0.48268028237500193,0.74359113034112778,0,0,1
cross_task,stroop_to_arithmetic,7,row_bootstrap,1000,12,24,0.79999999999969917,0,0.80000000000000004,0,0.79999999991211679,0.80000000000000004,0.74399999999999999,0.74399999999999999,0.253,0.18803191092507754,1,0,0,1
cross_task,stroop_to_arithmetic,8,leave_one_meta_row_out,24,12,24,0.79999871381117793,0.79999707891249217,0.79999978553673534,0.79999730223315024,0.79999856378709833,0.79999973508187416,1,1,0,0.25246047944833067,0.29912371705809077,0.0032703562778737556,0.0093331062791565424,0.04166666666666663
cross_task,stroop_to_arithmetic,8,row_bootstrap,1000,12,24,0.79999871381117793,0.75332519245199026,0.79999999998440574,0.79942734660237103,0.79999884479090566,0.79999999740395678,1,1,0,0.14483828214862057,0.39126807998092233,0,0.021643342564691533,0.372
cross_task,stroop_to_arithmetic,9,leave_one_meta_row_out,24,12,24,0.79999994930820328,0.79999986839579929,0.79999998471103151,0.79999987035556308,0.79999994479329861,0.79999998346357393,1,1,0,0.31301386461148795,0.35424982797412979,0.0030079318713743821,0.0074936463295464696,0.04166666666666663
cross_task,stroop_to_arithmetic,9,row_bootstrap,1000,12,24,0.79999994930820328,0.79990752525672371,0.79999999999886529,0.79999501299214404,0.79999995731845908,0.79999999980445824,1,1,0,0.24017772561770825,0.44264241767005341,0,0.0204840604825543,0.36899999999999999
cross_task,stroop_to_arithmetic,10,leave_one_meta_row_out,24,12,24,0.79999999711301606,0.79999999190182569,0.79999999899780372,0.79999999202793903,0.79999999739391714,0.79999999869840577,1,1,0,0.36865140218535813,0.40553933489003779,0.0041797761282670737,0.008868839266107072,0.04166666666666663
cross_task,stroop_to_arithmetic,10,row_bootstrap,1000,12,24,0.79999999711301606,0.63554472352620694,0.79999999999999649,0.79999950586711754,0.79999999740298278,0.79999999999857152,1,1,0,0.28596541528302083,0.54103636930588972,0,0.019432147153866906,0.35599999999999998
cross_task,stroop_to_arithmetic,11,leave_one_meta_row_out,24,12,24,0.79977667765940685,0.65744253805556685,0.79999270690664082,0.67523518202387067,0.79966641249846671,0.79991530356125062,1,1,0,0.03903453892154455,0.20170155858553915,0.030876335946725453,0.10238632030302286,0.04166666666666663
cross_task,stroop_to_arithmetic,11,row_bootstrap,1000,12,24,0.79977667765940685,0,0.7999999999991797,0,0.79833848156983156,0.79999999808715017,0.755,0.755,0.059999999999999998,-0.1800712694030456,0.39955196232252249,0,0.43521813265515519,0.371
cross_task,stroop_to_arithmetic,12,leave_one_meta_row_out,24,12,24,0.79999999982494074,0.79999999874849004,0.79999999995696869,0.79999999897923557,0.79999999982412018,0.79999999992938697,1,1,0,0.41023724530268318,0.46452805908298811,0.0022874465764888517,0.0075515593188631974,0.04166666666666663
cross_task,stroop_to_arithmetic,12,row_bootstrap,1000,12,24,0.79999999982494074,0.79973730459606884,0.79999999999991511,0.79999904895700746,0.79999999976637703,0.79999999999900018,1,1,0,0.27287482147053338,0.54844631492444218,0,0.017708992485779562,0.33199999999999996
cross_task,stroop_to_arithmetic,13,leave_one_meta_row_out,24,12,24,0.79999996106844584,0.79999991106063684,0.79999998877224199,0.79999991343442978,0.79999995909676036,0.79999998599395628,1,1,0,0.32182603305024077,0.35891562979006714,0.0096077401967321653,0.029177279207220824,0.04166666666666663
cross_task,stroop_to_arithmetic,13,row_bootstrap,1000,12,24,0.79999996106844584,0.79974758035349258,0.79999999999999982,0.79999184395702239,0.7999999674069016,0.79999999999894089,1,1,0,0.23591657991955228,0.5470196510504074,0,0.17700284296728472,0.36799999999999999
loso,arithmetic,1,leave_one_meta_row_out,14,14,14,0.64217777246918561,0.40000000000000002,0.72202906983592829,0.46762356002914346,0.66565837076805856,0.71543467681945583,0.9285714285714286,0.9285714285714286,0,0.0074956464024826634,0.04282589127556799,0,0,1
loso,arithmetic,1,row_bootstrap,1000,14,14,0.64217777246918561,0,0.79999701868857276,0.40000000000000002,0.66485060527366935,0.79989481790628236,0.66600000000000004,0.66600000000000004,0.014,0,0.17900175475695648,0,0,1
loso,arithmetic,2,leave_one_meta_row_out,14,14,14,0.79634198863532035,0.75096480275640387,0.79923736835149106,0.76347288583001682,0.79644977122770411,0.79912040346173396,1,1,0,0.064888701882905006,0.13657719790369782,0,0,1
loso,arithmetic,2,row_bootstrap,1000,14,14,0.79634198863532035,0,0.79999701868857276,0.40000000000000002,0.79725778775307443,0.79999353220425895,0.95899999999999996,0.95899999999999996,0.001,0,0.23451326136170694,0,0,1
loso,arithmetic,3,leave_one_meta_row_out,14,14,14,0.57470007804484546,0.23520062087025645,0.77917346630613249,0.24713293622999336,0.58472270533453341,0.7610424128820652,0.8571428571428571,0.8571428571428571,0,0.007640495178197944,0.073720584414817311,0.1291888938621886,0.48386681868207554,0
loso,arithmetic,3,row_bootstrap,1000,14,14,0.57470007804484546,0,0.79999698133500141,0.006404433591486903,0.68949150801636017,0.79991547409195007,0.71599999999999997,0.71599999999999997,0.0030000000000000001,-0.067223211953739995,0.18763430931008754,0,0.61837125674626081,0.11199999999999999
loso,arithmetic,4,leave_one_meta_row_out,14,14,14,0.79950960371208635,0.30983903820196645,0.79999324222683144,0.42389938815751049,0.79959207373877916,0.79999321408154167,0.9285714285714286,0.9285714285714286,0,0.032876943646079286,0.25,0.32898932574648393,0.61406249338715124,0
loso,arithmetic,4,row_bootstrap,1000,14,14,0.79950960371208635,0,0.79999701864695316,0,0.79923576741273672,0.79999700705132104,0.752,0.752,0.028000000000000001,-0.25,0.25,0.0011692066127802117,0.96178247340127199,0.0010000000000000009
loso,arithmetic,5,leave_one_meta_row_out,14,14,14,0.45304456323416392,0.31982810509242549,0.66508137337345985,0.3302595960194849,0.4308651626288027,0.64371725338896835,0.8571428571428571,0.8571428571428571,0,-0.0024453726958412678,0.029961168626645007,0.012641847275127453,0.12057021428204796,0.071428571428571397
loso,arithmetic,5,row_bootstrap,1000,14,14,0.45304456323416392,0.0078480668292912545,0.79998676303250893,0.084306548341605822,0.50218677483224528,0.78640581233174689,0.64000000000000001,0.64000000000000001,0,-0.034286788831608468,0.08138802594353986,0,0.23614469240382815,0.35999999999999999
loso,arithmetic,6,leave_one_meta_row_out,14,14,14,0.002061522781659518,0.0001457345321898689,0.45898295841011044,0.00021357635398550691,0.0023487232383994951,0.31119126140740294,0.071428571428571425,0.9285714285714286,0,-0.13157151329208586,-0.013965789711210642,0.32101024194797256,0.69714308722982343,0
loso,arithmetic,6,row_bootstrap,1000,14,14,0.002061522781659518,0,0.7999970070105753,1.0504676584090063e-06,0.0018589854991158429,0.79920762863479289,0.129,0.871,0.0080000000000000002,-0.21417544775727027,0.14366070675392445,0.0018757903663435048,0.89070109236293471,0.018000000000000016
loso,arithmetic,7,leave_one_meta_row_out,14,14,14,0.7763462272680659,0.71543569296689224,0.79948047693315694,0.72557664314292136,0.77200376245034219,0.79624154737587038,1,1,0,0.047716203440180766,0.12720223538494108,0.00024078110686666374,0.039593564259357387,0.071428571428571397
loso,arithmetic,7,row_bootstrap,1000,14,14,0.7763462272680659,0,0.7999970184926839,0,0.76339660072476156,0.7999970130370776,0.79400000000000004,0.79400000000000004,0.045999999999999999,-0.008460729016460564,0.25,0,0.050353622597892028,0.37
loso,arithmetic,8,leave_one_meta_row_out,14,14,14,0.25111161494289019,0.1831347472008753,0.52637826274859023,0.18489933742166997,0.25011477327731457,0.49823020940833634,0.14285714285714285,0.8571428571428571,0,-0.012062827845115554,0.015440389999173167,0.049332496865051527,0.25605920175570679,0.071428571428571397
loso,arithmetic,8,row_bootstrap,1000,14,14,0.25111161494289019,0,0.79999416855728045,0.0058640279658883424,0.40000000000000002,0.77058851790712279,0.29999999999999999,0.69999999999999996,0.0070000000000000001,-0.057896547486123683,0.070352162956781039,0,0.55167123956611186,0.35099999999999998
loso,arithmetic,9,leave_one_meta_row_out,14,14,14,0.52081040374531251,0.25615080800167672,0.76478437666568788,0.31504596752637776,0.52558193396313224,0.72853496133200757,0.9285714285714286,0.9285714285714286,0,0.00084360231089671868,0.058563726959931409,0.056388609681660047,0.24508472143185148,0.071428571428571397
loso,arithmetic,9,row_bootstrap,1000,14,14,0.52081040374531251,4.8156702801220544e-07,0.79999701799788525,0.0035363210558720759,0.5148166431975123,0.79762664585255494,0.627,0.627,0,-0.089360526268836865,0.12646178938934555,0,0.45939975951988826,0.35899999999999999
loso,arithmetic,10,leave_one_meta_row_out,14,14,14,0.66884640864546552,0.31833465231845165,0.78698789138286585,0.3882946978346169,0.66559179575426475,0.78279572363221483,0.9285714285714286,0.9285714285714286,0,0.019938534878473566,0.086099766741178377,0.17275350114756094,0.48726760457162094,0
loso,arithmetic,10,row_bootstrap,1000,14,14,0.66884640864546552,3.8990457284739074e-07,0.79999999853139525,0.006578662551474098,0.70160209613969893,0.79986769215966314,0.72499999999999998,0.72499999999999998,0,-0.07081452799172322,0.17963789914115752,0,0.66927869174050236,0.11799999999999999
loso,arithmetic,11,leave_one_meta_row_out,14,14,14,0.22516591672316336,0.14382772590960621,0.49248803190970913,0.14762892955664056,0.22006442318431924,0.46692550343856881,0.14285714285714285,0.8571428571428571,0,-0.028066580059487728,0.0073810191641409031,0.0055208931726222765,0.042384687980833592,0.071428571428571397
loso,arithmetic,11,row_bootstrap,1000,14,14,0.22516591672316336,0,0.79999701868857276,0.0061906053729069788,0.39451436081762259,0.78366831465519426,0.252,0.748,0.002,-0.089924517067631646,0.079265668384363511,0,0.2283897448409978,0.36499999999999999
loso,arithmetic,12,leave_one_meta_row_out,14,14,14,0.47352853243419901,0.2295286737923978,0.68769722550132883,0.24988231330934241,0.50191214566588704,0.68212259230214967,0.8571428571428571,0.8571428571428571,0,-0.0024521985364262004,0.041734468601123287,0.12114296157345263,0.27793038844119888,0
loso,arithmetic,12,row_bootstrap,1000,14,14,0.47352853243419901,1.0080909148396405e-05,0.7999425404893401,0.035276881673856161,0.60403909190516203,0.79764442580430239,0.69899999999999995,0.69899999999999995,0,-0.046305423929002748,0.12239019958628658,0,0.45308320935968177,0.094999999999999973
loso,arithmetic,13,leave_one_meta_row_out,14,14,14,0.044256918488128405,0.0003388050053025342,0.69826950882444416,0.0033738307512347775,0.045937464423559747,0.4927018975759469,0.071428571428571425,0.9285714285714286,0,-0.10417433519450291,0.017675714847823796,0.14190429289729317,0.58581830874792151,0.071428571428571397
loso,arithmetic,13,row_bootstrap,1000,14,14,0.044256918488128405,0,0.79996531277427008,7.5446400169114585e-07,0.034075710105746823,0.79520211690412312,0.25700000000000001,0.74299999999999999,0.0060000000000000001,-0.23219344780357154,0.10644933503234864,0,0.80359360323547968,0.34799999999999998
loso,arithmetic,14,leave_one_meta_row_out,14,14,14,0.0045039808182707553,1.3306539200063982e-06,0.40000000000000002,0.00039093702993548037,0.0065818521970957104,0.27870241477758118,0,1,0,-0.20753713500581333,-0.019622606389208187,0.027341145333101041,0.28876987197851212,0.071428571428571397
loso,arithmetic,14,row_bootstrap,1000,14,14,0.0045039808182707553,0,0.7999993628134896,8.593441804056026e-12,0.031814408515874124,0.76623209846077489,0.095000000000000001,0.90500000000000003,0.0060000000000000001,-0.44978044661462119,0.063711123206831061,0,0.76555262646303657,0.34199999999999997
loso,arithmetic,15,leave_one_meta_row_out,14,14,14,0.40000000000000002,0.40000000000000002,0.40000000000000002,0.40000000000000002,0.40000000000000002,0.40000000000000002,0,1,0,0,0,0,0,1
loso,arithmetic,15,row_bootstrap,1000,14,14,0.40000000000000002,0,0.77821863580159012,0.40000000000000002,0.40000000000000002,0.44065356373970926,0.029000000000000001,0.97099999999999997,0.0040000000000000001,0,0.0040797144088087489,0,0,1
loso,stroop,1,leave_one_meta_row_out,12,12,12,0.79959098161507414,0.40000000000000002,0.79999701868857276,0.49881059744563683,0.79948374837991287,0.79999460963223945,0.91666666666666663,0.91666666666666663,0,0.016095532633966653,0.24246071752907158,0,0,1
loso,stroop,1,row_bootstrap,1000,12,12,0.79959098161507414,0,0.79999701868857276,0,0.78131261373661842,0.79999701868857276,0.59299999999999997,0.59299999999999997,0.11799999999999999,0,0.25,0,0,1
loso,stroop,2,leave_one_meta_row_out,12,12,12,0.0034842377058440992,0.0002510926517399352,0.027437448907692365,0.00029229706080940001,0.004173575700901001,0.02225150900728352,0,1,0,-0.11771208397008745,-0.041923522359113438,0.58957806140061886,0.82515460791134898,0
loso,stroop,2,row_bootstrap,1000,12,12,0.0034842377058440992,0,0.7871944986514412,2.5249883392657158e-07,0.0047019174469153588,0.40000000000000002,0.023,0.97699999999999998,0.0060000000000000001,-0.25,0.0012363399304711154,0,0.98790665537310962,0.11699999999999999
loso,stroop,3,leave_one_meta_row_out,12,12,12,0.018401808283562859,0.0004588730930463819,0.15663812497844129,0.00079337346177671994,0.019041812883673678,0.15600302444281222,0,1,0,-0.11890710219820558,-0.015800630769288337,0.16417432198540827,0.56692633308229901,0
loso,stroop,3,row_bootstrap,1000,12,12,0.018401808283562859,0,0.79999685611106985,3.4143981447089926e-07,0.030049182030373864,0.77257433320472935,0.14599999999999999,0.85399999999999998,0.0040000000000000001,-0.25,0.068913891473540975,0,0.87187550008799608,0.098999999999999977
loso,stroop,4,leave_one_meta_row_out,12,12,12,0.79997835492961178,0.79828589087268442,0.79999701868857276,0.79859332207532197,0.79996939958508095,0.79999421050799036,1,1,0,0.1527336752788428,0.24431294193533357,0.024742879331668223,0.60835167389251144,0.08333333333333337
loso,stroop,4,row_bootstrap,1000,12,12,0.79997835492961178,0,0.79999701868857276,2.1081885636366673e-06,0.79997472179961004,0.79999701868857276,0.89900000000000002,0.89900000000000002,0.019,-0.12291320037604229,0.25,0,0.93157268428890694,0.33199999999999996
loso,stroop,5,leave_one_meta_row_out,12,12,12,0.52573610705729512,0.087654809471672118,0.79981309451465132,0.10490364925266626,0.48301130130198022,0.76632827995601127,0.66666666666666663,0.66666666666666663,0,-0.013882431831709799,0.13569650179803611,0.10036902274778167,0.49804556837850644,0.08333333333333337
loso,stroop,5,row_bootstrap,1000,12,12,0.52573610705729512,1.9880777292726155e-10,0.79999701868857276,1.0056208417872772e-06,0.47608237517815188,0.7999925814511949,0.52400000000000002,0.52400000000000002,0,-0.24443757917563838,0.23176793972400134,0,0.60875129988609389,0.33099999999999996
loso,stroop,6,leave_one_meta_row_out,12,12,12,0.47479397027860826,3.575707012464194e-07,0.79943727961846467,0.094602070030573956,0.50108183306473442,0.79100683318661591,0.75,0.75,0,-0.16734161077194537,0.1339759325448229,0.21367564480059775,0.97262300069317043,0.08333333333333337
loso,stroop,6,row_bootstrap,1000,12,12,0.47479397027860826,0,0.79999701868857276,2.4493626700934095e-07,0.40000000000000002,0.79999701868857276,0.496,0.496,0.024,-0.25,0.25,0,0.99772220741006978,0.36599999999999999
loso,stroop,7,leave_one_meta_row_out,12,12,12,0.79877632706158774,0.34618867859895863,0.79994287209525017,0.4670568228342169,0.79838335674992533,0.79991801443875477,0.91666666666666663,0.91666666666666663,0,0.023448201763053979,0.18967063146762023,0.065369726745731688,0.164189585990557,0
loso,stroop,7,row_bootstrap,1000,12,12,0.79877632706158774,0,0.79999701695019121,0.0053210965971349031,0.79436961725630884,0.79999693712616804,0.61699999999999999,0.61699999999999999,0.0080000000000000002,-0.063617533007174126,0.25,0.00044543511864226837,0.5069284560972207,0.020000000000000018
loso,stroop,8,leave_one_meta_row_out,12,12,12,0.52159154695719578,0.34556286732649044,0.65917759709509682,0.36255589921526177,0.51448076338902982,0.63579739038364336,0.91666666666666663,0.91666666666666663,0,0.0025162309977367538,0.034820226886274612,0.017559836432275915,0.23335810117409947,0.08333333333333337
loso,stroop,8,row_bootstrap,1000,12,12,0.52159154695719578,0,0.79999701307767157,0.0001508244192982202,0.48912958293669162,0.79963318540956674,0.58699999999999997,0.58699999999999997,0.019,-0.089892084416807239,0.1630590910534343,0,0.41948524272954629,0.34099999999999997
loso,stroop,9,leave_one_meta_row_out,12,12,12,0.064982305117653474,0.0018406354020525468,0.40000000000000002,0.009200502293263968,0.068593680118586603,0.34344791434215105,0,1,0,-0.079248196092500306,-0.001188211585453179,0.090627354915453692,0.53838626541797985,0.08333333333333337
loso,stroop,9,row_bootstrap,1000,12,12,0.064982305117653474,0,0.79999682433157959,2.1943144631132665e-06,0.21848738452356273,0.76952715539398975,0.215,0.78500000000000003,0.002,-0.21177962515882928,0.074603392584743994,0,0.77064731730307823,0.33999999999999997
loso,stroop,10,leave_one_meta_row_out,12,12,12,0.049740294731225522,0.012084455044552765,0.49784435808587341,0.012100584113859558,0.054020440648811875,0.42420858381113691,0.083333333333333329,0.91666666666666663,0,-0.073029955306606997,0.0037524049172737491,0.030016966019367177,0.27373271634055957,0.08333333333333337
loso,stroop,10,row_bootstrap,1000,12,12,0.049740294731225522,0,0.7999970175017328,3.6945213798557867e-06,0.2099521987597921,0.76379708831667859,0.29499999999999998,0.70499999999999996,0.002,-0.22311891385221738,0.061226969670159677,0,0.40515960011973551,0.34199999999999997
loso,stroop,11,leave_one_meta_row_out,12,12,12,0.35418211418093309,0.14433939312845531,0.64449632342400753,0.20901831259432718,0.42079771944423067,0.60923129882504257,0.75,0.25,0,-0.0082610121459435748,0.026737321154405417,0.036313563290885149,0.32055586353608989,0.08333333333333337
loso,stroop,11,row_bootstrap,1000,12,12,0.35418211418093309,0.00055809687622099225,0.79999322087060554,0.021076690912258736,0.46491845851809144,0.7986783333894234,0.54700000000000004,0.45300000000000001,0,-0.057577072202485223,0.13172981548757859,0,0.36726843999302483,0.371
loso,stroop,12,leave_one_meta_row_out,12,12,12,0.042183529627787236,0.0048787620304550994,0.40000000000000002,0.0064918682536307618,0.037183246687248296,0.31477614755771149,0,1,0,-0.067943885828630854,-0.0065148179209288688,0.09677284252001736,0.64962077967009302,0.08333333333333337
loso,stroop,12,row_bootstrap,1000,12,12,0.042183529627787236,0,0.40000000000000002,2.5083571318581473e-07,0.10288414782962207,0.40000000000000002,0,1,0.010999999999999999,-0.25,0,0,0.99010056729722173,0.35199999999999998
loso,stroop,13,leave_one_meta_row_out,12,12,12,0.0018121086811424159,0.00021521333554505286,0.37128211106067166,0.00023290173426222338,0.0014541917717164846,0.27142025581834461,0,1,0,-0.13899938539811346,-0.019729064997412449,0.096951901572996824,0.53130821116283256,0
loso,stroop,13,row_bootstrap,1000,12,12,0.0018121086811424159,0,0.40000000000000002,1.494665801314618e-07,0.0044546256389521432,0.40000000000000002,0,1,0.0040000000000000001,-0.26377403255353132,0,0,0.85098507853379546,0.10599999999999998
