variant_id,variant,evaluation,evaluation_display,condition,condition_display,participant,n_evaluations,mean_recording_balanced_accuracy,mean_recording_accuracy,mean_recording_log_loss
neutral_legacy_multipliers,Neutral legacy multipliers,cross_task,Within-participant cross-task transfer,arithmetic_to_stroop,Arithmetic to Stroop,1,1,0.25,0.3333333333333333,1.1087140409505278
neutral_legacy_multipliers,Neutral legacy multipliers,cross_task,Within-participant cross-task transfer,arithmetic_to_stroop,Arithmetic to Stroop,2,1,0.5,0.6666666666666666,2.522972186377167
neutral_legacy_multipliers,Neutral legacy multipliers,cross_task,Within-participant cross-task transfer,arithmetic_to_stroop,Arithmetic to Stroop,3,1,0.75,0.6666666666666666,0.25443461273153445
neutral_legacy_multipliers,Neutral legacy multipliers,cross_task,Within-participant cross-task transfer,arithmetic_to_stroop,Arithmetic to Stroop,4,1,0.5,0.6666666666666666,2.564061671902885
neutral_legacy_multipliers,Neutral legacy multipliers,cross_task,Within-participant cross-task transfer,arithmetic_to_stroop,Arithmetic to Stroop,5,1,0.5,0.6666666666666666,1.4459594332707304
neutral_legacy_multipliers,Neutral legacy multipliers,cross_task,Within-participant cross-task transfer,arithmetic_to_stroop,Arithmetic to Stroop,6,1,0.25,0.3333333333333333,8.215409477124195
neutral_legacy_multipliers,Neutral legacy multipliers,cross_task,Within-participant cross-task transfer,arithmetic_to_stroop,Arithmetic to Stroop,7,1,0.5,0.6666666666666666,1.0953277401833932
neutral_legacy_multipliers,Neutral legacy multipliers,cross_task,Within-participant cross-task transfer,arithmetic_to_stroop,Arithmetic to Stroop,8,1,0.5,0.6666666666666666,1.0588553930166342
neutral_legacy_multipliers,Neutral legacy multipliers,cross_task,Within-participant cross-task transfer,arithmetic_to_stroop,Arithmetic to Stroop,9,1,0.5,0.6666666666666666,2.7168501679354295
neutral_legacy_multipliers,Neutral legacy multipliers,cross_task,Within-participant cross-task transfer,arithmetic_to_stroop,Arithmetic to Stroop,10,1,0.5,0.6666666666666666,0.5130043697113166
neutral_legacy_multipliers,Neutral legacy multipliers,cross_task,Within-participant cross-task transfer,arithmetic_to_stroop,Arithmetic to Stroop,11,1,0.5,0.3333333333333333,2.8654973851394687
neutral_legacy_multipliers,Neutral legacy multipliers,cross_task,Within-participant cross-task transfer,arithmetic_to_stroop,Arithmetic to Stroop,12,1,0.5,0.6666666666666666,2.151222821621166
neutral_legacy_multipliers,Neutral legacy multipliers,cross_task,Within-participant cross-task transfer,arithmetic_to_stroop,Arithmetic to Stroop,13,1,1.0,1.0,0.013266936687571966
no_50hz_attenuation,No 50-Hz attenuation,cross_task,Within-participant cross-task transfer,arithmetic_to_stroop,Arithmetic to Stroop,1,1,0.25,0.3333333333333333,1.087239874611865
no_50hz_attenuation,No 50-Hz attenuation,cross_task,Within-participant cross-task transfer,arithmetic_to_stroop,Arithmetic to Stroop,2,1,0.5,0.6666666666666666,3.2451862611363875
no_50hz_attenuation,No 50-Hz attenuation,cross_task,Within-participant cross-task transfer,arithmetic_to_stroop,Arithmetic to Stroop,3,1,1.0,1.0,0.13777895118749936
no_50hz_attenuation,No 50-Hz attenuation,cross_task,Within-participant cross-task transfer,arithmetic_to_stroop,Arithmetic to Stroop,4,1,0.5,0.6666666666666666,2.5416783883669583
no_50hz_attenuation,No 50-Hz attenuation,cross_task,Within-participant cross-task transfer,arithmetic_to_stroop,Arithmetic to Stroop,5,1,0.5,0.6666666666666666,1.661421909401885
no_50hz_attenuation,No 50-Hz attenuation,cross_task,Within-participant cross-task transfer,arithmetic_to_stroop,Arithmetic to Stroop,6,1,0.75,0.6666666666666666,9.359485588251163
no_50hz_attenuation,No 50-Hz attenuation,cross_task,Within-participant cross-task transfer,arithmetic_to_stroop,Arithmetic to Stroop,7,1,0.5,0.6666666666666666,1.9436812020484997
no_50hz_attenuation,No 50-Hz attenuation,cross_task,Within-participant cross-task transfer,arithmetic_to_stroop,Arithmetic to Stroop,8,1,0.5,0.6666666666666666,1.018935280486035
no_50hz_attenuation,No 50-Hz attenuation,cross_task,Within-participant cross-task transfer,arithmetic_to_stroop,Arithmetic to Stroop,9,1,0.5,0.6666666666666666,2.7906702563791472
no_50hz_attenuation,No 50-Hz attenuation,cross_task,Within-participant cross-task transfer,arithmetic_to_stroop,Arithmetic to Stroop,10,1,0.25,0.3333333333333333,1.2345473898812898
no_50hz_attenuation,No 50-Hz attenuation,cross_task,Within-participant cross-task transfer,arithmetic_to_stroop,Arithmetic to Stroop,11,1,0.5,0.3333333333333333,2.7871041108759087
no_50hz_attenuation,No 50-Hz attenuation,cross_task,Within-participant cross-task transfer,arithmetic_to_stroop,Arithmetic to Stroop,12,1,0.5,0.6666666666666666,2.508767880259819
no_50hz_attenuation,No 50-Hz attenuation,cross_task,Within-participant cross-task transfer,arithmetic_to_stroop,Arithmetic to Stroop,13,1,1.0,1.0,0.0438892911999052
no_window_zscore,No within-window z-score,cross_task,Within-participant cross-task transfer,arithmetic_to_stroop,Arithmetic to Stroop,1,1,0.5,0.6666666666666666,0.9798298143955839
no_window_zscore,No within-window z-score,cross_task,Within-participant cross-task transfer,arithmetic_to_stroop,Arithmetic to Stroop,2,1,0.5,0.6666666666666666,3.3909908626833967
no_window_zscore,No within-window z-score,cross_task,Within-participant cross-task transfer,arithmetic_to_stroop,Arithmetic to Stroop,3,1,1.0,1.0,0.1524861633683667
no_window_zscore,No within-window z-score,cross_task,Within-participant cross-task transfer,arithmetic_to_stroop,Arithmetic to Stroop,4,1,0.5,0.6666666666666666,4.313132593278726
no_window_zscore,No within-window z-score,cross_task,Within-participant cross-task transfer,arithmetic_to_stroop,Arithmetic to Stroop,5,1,0.5,0.6666666666666666,2.1240075902256703
no_window_zscore,No within-window z-score,cross_task,Within-participant cross-task transfer,arithmetic_to_stroop,Arithmetic to Stroop,6,1,0.5,0.6666666666666666,0.9802079684942608
no_window_zscore,No within-window z-score,cross_task,Within-participant cross-task transfer,arithmetic_to_stroop,Arithmetic to Stroop,7,1,0.5,0.6666666666666666,0.4254233596022447
no_window_zscore,No within-window z-score,cross_task,Within-participant cross-task transfer,arithmetic_to_stroop,Arithmetic to Stroop,8,1,0.5,0.6666666666666666,1.5272756292187892
no_window_zscore,No within-window z-score,cross_task,Within-participant cross-task transfer,arithmetic_to_stroop,Arithmetic to Stroop,9,1,0.5,0.6666666666666666,6.128631790951381
no_window_zscore,No within-window z-score,cross_task,Within-participant cross-task transfer,arithmetic_to_stroop,Arithmetic to Stroop,10,1,0.25,0.3333333333333333,13.03346071598183
no_window_zscore,No within-window z-score,cross_task,Within-participant cross-task transfer,arithmetic_to_stroop,Arithmetic to Stroop,11,1,0.0,0.0,4.5634282345466195
no_window_zscore,No within-window z-score,cross_task,Within-participant cross-task transfer,arithmetic_to_stroop,Arithmetic to Stroop,12,1,0.5,0.6666666666666666,2.7672363318647872
no_window_zscore,No within-window z-score,cross_task,Within-participant cross-task transfer,arithmetic_to_stroop,Arithmetic to Stroop,13,1,1.0,1.0,0.045622814727433014
recording_zscore,Recording-level z-score,cross_task,Within-participant cross-task transfer,arithmetic_to_stroop,Arithmetic to Stroop,1,1,0.75,0.6666666666666666,2.5392257229016244
recording_zscore,Recording-level z-score,cross_task,Within-participant cross-task transfer,arithmetic_to_stroop,Arithmetic to Stroop,2,1,0.5,0.6666666666666666,7.319039562809735
recording_zscore,Recording-level z-score,cross_task,Within-participant cross-task transfer,arithmetic_to_stroop,Arithmetic to Stroop,3,1,0.25,0.3333333333333333,5.4099128212803045
recording_zscore,Recording-level z-score,cross_task,Within-participant cross-task transfer,arithmetic_to_stroop,Arithmetic to Stroop,4,1,0.5,0.6666666666666666,1.0097169684243539
recording_zscore,Recording-level z-score,cross_task,Within-participant cross-task transfer,arithmetic_to_stroop,Arithmetic to Stroop,5,1,0.5,0.6666666666666666,1.164729345464203
recording_zscore,Recording-level z-score,cross_task,Within-participant cross-task transfer,arithmetic_to_stroop,Arithmetic to Stroop,6,1,0.25,0.3333333333333333,8.812103735569634
recording_zscore,Recording-level z-score,cross_task,Within-participant cross-task transfer,arithmetic_to_stroop,Arithmetic to Stroop,7,1,0.5,0.6666666666666666,1.2629364932750295
recording_zscore,Recording-level z-score,cross_task,Within-participant cross-task transfer,arithmetic_to_stroop,Arithmetic to Stroop,8,1,0.25,0.3333333333333333,6.60315322997064
recording_zscore,Recording-level z-score,cross_task,Within-participant cross-task transfer,arithmetic_to_stroop,Arithmetic to Stroop,9,1,0.25,0.3333333333333333,2.4117906170287595
recording_zscore,Recording-level z-score,cross_task,Within-participant cross-task transfer,arithmetic_to_stroop,Arithmetic to Stroop,10,1,0.5,0.6666666666666666,2.052979972360358
recording_zscore,Recording-level z-score,cross_task,Within-participant cross-task transfer,arithmetic_to_stroop,Arithmetic to Stroop,11,1,0.5,0.6666666666666666,8.096094023929185
recording_zscore,Recording-level z-score,cross_task,Within-participant cross-task transfer,arithmetic_to_stroop,Arithmetic to Stroop,12,1,0.5,0.6666666666666666,3.663695297314465
recording_zscore,Recording-level z-score,cross_task,Within-participant cross-task transfer,arithmetic_to_stroop,Arithmetic to Stroop,13,1,0.5,0.6666666666666666,1.6036906774349193
reference,Reference preprocessing,cross_task,Within-participant cross-task transfer,arithmetic_to_stroop,Arithmetic to Stroop,1,1,0.25,0.3333333333333333,1.0878565105029292
reference,Reference preprocessing,cross_task,Within-participant cross-task transfer,arithmetic_to_stroop,Arithmetic to Stroop,2,1,0.5,0.6666666666666666,2.513576140442662
reference,Reference preprocessing,cross_task,Within-participant cross-task transfer,arithmetic_to_stroop,Arithmetic to Stroop,3,1,0.75,0.6666666666666666,0.2613826809074257
reference,Reference preprocessing,cross_task,Within-participant cross-task transfer,arithmetic_to_stroop,Arithmetic to Stroop,4,1,0.5,0.6666666666666666,2.5886566650907894
reference,Reference preprocessing,cross_task,Within-participant cross-task transfer,arithmetic_to_stroop,Arithmetic to Stroop,5,1,0.5,0.6666666666666666,1.4663203466310364
reference,Reference preprocessing,cross_task,Within-participant cross-task transfer,arithmetic_to_stroop,Arithmetic to Stroop,6,1,0.25,0.3333333333333333,8.216479576312274
reference,Reference preprocessing,cross_task,Within-participant cross-task transfer,arithmetic_to_stroop,Arithmetic to Stroop,7,1,0.5,0.6666666666666666,1.0484823239299754
reference,Reference preprocessing,cross_task,Within-participant cross-task transfer,arithmetic_to_stroop,Arithmetic to Stroop,8,1,0.5,0.6666666666666666,1.0477006398213666
reference,Reference preprocessing,cross_task,Within-participant cross-task transfer,arithmetic_to_stroop,Arithmetic to Stroop,9,1,0.5,0.6666666666666666,2.7286053973337836
reference,Reference preprocessing,cross_task,Within-participant cross-task transfer,arithmetic_to_stroop,Arithmetic to Stroop,10,1,0.5,0.6666666666666666,0.5192637427619022
reference,Reference preprocessing,cross_task,Within-participant cross-task transfer,arithmetic_to_stroop,Arithmetic to Stroop,11,1,0.5,0.3333333333333333,2.855964439156493
reference,Reference preprocessing,cross_task,Within-participant cross-task transfer,arithmetic_to_stroop,Arithmetic to Stroop,12,1,0.5,0.6666666666666666,2.133511245191213
reference,Reference preprocessing,cross_task,Within-participant cross-task transfer,arithmetic_to_stroop,Arithmetic to Stroop,13,1,1.0,1.0,0.013974018507351272
neutral_legacy_multipliers,Neutral legacy multipliers,cross_task,Within-participant cross-task transfer,stroop_to_arithmetic,Stroop to Arithmetic,1,1,0.5,0.3333333333333333,0.7945959618413738
neutral_legacy_multipliers,Neutral legacy multipliers,cross_task,Within-participant cross-task transfer,stroop_to_arithmetic,Stroop to Arithmetic,2,1,0.25,0.3333333333333333,1.107734471811616
neutral_legacy_multipliers,Neutral legacy multipliers,cross_task,Within-participant cross-task transfer,stroop_to_arithmetic,Stroop to Arithmetic,3,1,0.5,0.6666666666666666,3.2209899752824733
neutral_legacy_multipliers,Neutral legacy multipliers,cross_task,Within-participant cross-task transfer,stroop_to_arithmetic,Stroop to Arithmetic,4,1,1.0,1.0,0.19588641977156487
neutral_legacy_multipliers,Neutral legacy multipliers,cross_task,Within-participant cross-task transfer,stroop_to_arithmetic,Stroop to Arithmetic,5,1,0.0,0.0,2.5711115020298565
neutral_legacy_multipliers,Neutral legacy multipliers,cross_task,Within-participant cross-task transfer,stroop_to_arithmetic,Stroop to Arithmetic,6,1,1.0,1.0,0.3551167993715975
neutral_legacy_multipliers,Neutral legacy multipliers,cross_task,Within-participant cross-task transfer,stroop_to_arithmetic,Stroop to Arithmetic,7,1,0.25,0.3333333333333333,1.289675085462113
neutral_legacy_multipliers,Neutral legacy multipliers,cross_task,Within-participant cross-task transfer,stroop_to_arithmetic,Stroop to Arithmetic,8,1,0.25,0.3333333333333333,0.5760750171461867
neutral_legacy_multipliers,Neutral legacy multipliers,cross_task,Within-participant cross-task transfer,stroop_to_arithmetic,Stroop to Arithmetic,9,1,0.25,0.3333333333333333,0.8659224788682399
neutral_legacy_multipliers,Neutral legacy multipliers,cross_task,Within-participant cross-task transfer,stroop_to_arithmetic,Stroop to Arithmetic,10,1,0.5,0.3333333333333333,0.9736554641989725
neutral_legacy_multipliers,Neutral legacy multipliers,cross_task,Within-participant cross-task transfer,stroop_to_arithmetic,Stroop to Arithmetic,11,1,0.0,0.0,1.2555281231402422
neutral_legacy_multipliers,Neutral legacy multipliers,cross_task,Within-participant cross-task transfer,stroop_to_arithmetic,Stroop to Arithmetic,12,1,0.0,0.0,1.0019553182520855
neutral_legacy_multipliers,Neutral legacy multipliers,cross_task,Within-participant cross-task transfer,stroop_to_arithmetic,Stroop to Arithmetic,13,1,0.75,0.6666666666666666,0.5784027398895989
no_50hz_attenuation,No 50-Hz attenuation,cross_task,Within-participant cross-task transfer,stroop_to_arithmetic,Stroop to Arithmetic,1,1,0.5,0.3333333333333333,0.8105583946564372
no_50hz_attenuation,No 50-Hz attenuation,cross_task,Within-participant cross-task transfer,stroop_to_arithmetic,Stroop to Arithmetic,2,1,0.75,0.6666666666666666,0.6388343795413055
no_50hz_attenuation,No 50-Hz attenuation,cross_task,Within-participant cross-task transfer,stroop_to_arithmetic,Stroop to Arithmetic,3,1,0.5,0.6666666666666666,3.11617747135848
no_50hz_attenuation,No 50-Hz attenuation,cross_task,Within-participant cross-task transfer,stroop_to_arithmetic,Stroop to Arithmetic,4,1,1.0,1.0,0.12019587502430307
no_50hz_attenuation,No 50-Hz attenuation,cross_task,Within-participant cross-task transfer,stroop_to_arithmetic,Stroop to Arithmetic,5,1,0.0,0.0,2.3355207602614336
no_50hz_attenuation,No 50-Hz attenuation,cross_task,Within-participant cross-task transfer,stroop_to_arithmetic,Stroop to Arithmetic,6,1,0.75,0.6666666666666666,0.5456187060792356
no_50hz_attenuation,No 50-Hz attenuation,cross_task,Within-participant cross-task transfer,stroop_to_arithmetic,Stroop to Arithmetic,7,1,0.5,0.6666666666666666,3.505867765312623
no_50hz_attenuation,No 50-Hz attenuation,cross_task,Within-participant cross-task transfer,stroop_to_arithmetic,Stroop to Arithmetic,8,1,0.5,0.6666666666666666,0.5657620537815976
no_50hz_attenuation,No 50-Hz attenuation,cross_task,Within-participant cross-task transfer,stroop_to_arithmetic,Stroop to Arithmetic,9,1,0.5,0.6666666666666666,0.9270424549177393
no_50hz_attenuation,No 50-Hz attenuation,cross_task,Within-participant cross-task transfer,stroop_to_arithmetic,Stroop to Arithmetic,10,1,0.5,0.3333333333333333,0.8452054184592841
no_50hz_attenuation,No 50-Hz attenuation,cross_task,Within-participant cross-task transfer,stroop_to_arithmetic,Stroop to Arithmetic,11,1,0.25,0.3333333333333333,1.0727470962771324
no_50hz_attenuation,No 50-Hz attenuation,cross_task,Within-participant cross-task transfer,stroop_to_arithmetic,Stroop to Arithmetic,12,1,0.25,0.3333333333333333,0.7674008952425515
no_50hz_attenuation,No 50-Hz attenuation,cross_task,Within-participant cross-task transfer,stroop_to_arithmetic,Stroop to Arithmetic,13,1,0.75,0.6666666666666666,0.5810475469675044
no_window_zscore,No within-window z-score,cross_task,Within-participant cross-task transfer,stroop_to_arithmetic,Stroop to Arithmetic,1,1,0.75,0.6666666666666666,0.8922960608594419
no_window_zscore,No within-window z-score,cross_task,Within-participant cross-task transfer,stroop_to_arithmetic,Stroop to Arithmetic,2,1,0.5,0.3333333333333333,1.4145954189924865
no_window_zscore,No within-window z-score,cross_task,Within-participant cross-task transfer,stroop_to_arithmetic,Stroop to Arithmetic,3,1,0.5,0.6666666666666666,3.0471327951511484
no_window_zscore,No within-window z-score,cross_task,Within-participant cross-task transfer,stroop_to_arithmetic,Stroop to Arithmetic,4,1,0.5,0.6666666666666666,1.1788563828135772
no_window_zscore,No within-window z-score,cross_task,Within-participant cross-task transfer,stroop_to_arithmetic,Stroop to Arithmetic,5,1,0.0,0.0,3.3203298711491995
no_window_zscore,No within-window z-score,cross_task,Within-participant cross-task transfer,stroop_to_arithmetic,Stroop to Arithmetic,6,1,0.75,0.6666666666666666,0.5328080783011836
no_window_zscore,No within-window z-score,cross_task,Within-participant cross-task transfer,stroop_to_arithmetic,Stroop to Arithmetic,7,1,0.5,0.6666666666666666,1.5025957250139637
no_window_zscore,No within-window z-score,cross_task,Within-participant cross-task transfer,stroop_to_arithmetic,Stroop to Arithmetic,8,1,0.5,0.6666666666666666,0.8527279719328953
no_window_zscore,No within-window z-score,cross_task,Within-participant cross-task transfer,stroop_to_arithmetic,Stroop to Arithmetic,9,1,0.5,0.3333333333333333,4.05159687471592
no_window_zscore,No within-window z-score,cross_task,Within-participant cross-task transfer,stroop_to_arithmetic,Stroop to Arithmetic,10,1,0.5,0.3333333333333333,0.9975081656453617
no_window_zscore,No within-window z-score,cross_task,Within-participant cross-task transfer,stroop_to_arithmetic,Stroop to Arithmetic,11,1,0.5,0.3333333333333333,3.9105358546118514
no_window_zscore,No within-window z-score,cross_task,Within-participant cross-task transfer,stroop_to_arithmetic,Stroop to Arithmetic,12,1,0.25,0.3333333333333333,1.2930237973066891
no_window_zscore,No within-window z-score,cross_task,Within-participant cross-task transfer,stroop_to_arithmetic,Stroop to Arithmetic,13,1,1.0,1.0,0.346850977836108
recording_zscore,Recording-level z-score,cross_task,Within-participant cross-task transfer,stroop_to_arithmetic,Stroop to Arithmetic,1,1,1.0,1.0,0.3160901730690317
recording_zscore,Recording-level z-score,cross_task,Within-participant cross-task transfer,stroop_to_arithmetic,Stroop to Arithmetic,2,1,0.5,0.6666666666666666,7.255265530722707
recording_zscore,Recording-level z-score,cross_task,Within-participant cross-task transfer,stroop_to_arithmetic,Stroop to Arithmetic,3,1,0.75,0.6666666666666666,5.463981099943536
recording_zscore,Recording-level z-score,cross_task,Within-participant cross-task transfer,stroop_to_arithmetic,Stroop to Arithmetic,4,1,1.0,1.0,0.007158067789593576
recording_zscore,Recording-level z-score,cross_task,Within-participant cross-task transfer,stroop_to_arithmetic,Stroop to Arithmetic,5,1,0.0,0.0,1.8812314323500081
recording_zscore,Recording-level z-score,cross_task,Within-participant cross-task transfer,stroop_to_arithmetic,Stroop to Arithmetic,6,1,0.75,0.6666666666666666,2.335904653543326
recording_zscore,Recording-level z-score,cross_task,Within-participant cross-task transfer,stroop_to_arithmetic,Stroop to Arithmetic,7,1,0.75,0.6666666666666666,3.4858869372579453
recording_zscore,Recording-level z-score,cross_task,Within-participant cross-task transfer,stroop_to_arithmetic,Stroop to Arithmetic,8,1,0.75,0.6666666666666666,1.2697920978426633
recording_zscore,Recording-level z-score,cross_task,Within-participant cross-task transfer,stroop_to_arithmetic,Stroop to Arithmetic,9,1,0.5,0.3333333333333333,12.069146351021109
recording_zscore,Recording-level z-score,cross_task,Within-participant cross-task transfer,stroop_to_arithmetic,Stroop to Arithmetic,10,1,0.5,0.3333333333333333,1.91784472664326
recording_zscore,Recording-level z-score,cross_task,Within-participant cross-task transfer,stroop_to_arithmetic,Stroop to Arithmetic,11,1,0.5,0.3333333333333333,1.471738239899432
recording_zscore,Recording-level z-score,cross_task,Within-participant cross-task transfer,stroop_to_arithmetic,Stroop to Arithmetic,12,1,1.0,1.0,0.24869404338509724
recording_zscore,Recording-level z-score,cross_task,Within-participant cross-task transfer,stroop_to_arithmetic,Stroop to Arithmetic,13,1,0.5,0.6666666666666666,1.4388433799912204
reference,Reference preprocessing,cross_task,Within-participant cross-task transfer,stroop_to_arithmetic,Stroop to Arithmetic,1,1,0.5,0.3333333333333333,0.7990558868877905
reference,Reference preprocessing,cross_task,Within-participant cross-task transfer,stroop_to_arithmetic,Stroop to Arithmetic,2,1,0.25,0.3333333333333333,1.084353127748279
reference,Reference preprocessing,cross_task,Within-participant cross-task transfer,stroop_to_arithmetic,Stroop to Arithmetic,3,1,0.5,0.6666666666666666,3.273745165609981
reference,Reference preprocessing,cross_task,Within-participant cross-task transfer,stroop_to_arithmetic,Stroop to Arithmetic,4,1,1.0,1.0,0.19484075258598713
reference,Reference preprocessing,cross_task,Within-participant cross-task transfer,stroop_to_arithmetic,Stroop to Arithmetic,5,1,0.0,0.0,2.54749663011269
reference,Reference preprocessing,cross_task,Within-participant cross-task transfer,stroop_to_arithmetic,Stroop to Arithmetic,6,1,1.0,1.0,0.34282957246774215
reference,Reference preprocessing,cross_task,Within-participant cross-task transfer,stroop_to_arithmetic,Stroop to Arithmetic,7,1,0.25,0.3333333333333333,1.3154915664069742
reference,Reference preprocessing,cross_task,Within-participant cross-task transfer,stroop_to_arithmetic,Stroop to Arithmetic,8,1,0.25,0.3333333333333333,0.566390104549873
reference,Reference preprocessing,cross_task,Within-participant cross-task transfer,stroop_to_arithmetic,Stroop to Arithmetic,9,1,0.5,0.6666666666666666,0.8671075430017533
reference,Reference preprocessing,cross_task,Within-participant cross-task transfer,stroop_to_arithmetic,Stroop to Arithmetic,10,1,0.5,0.3333333333333333,1.0057972863707727
reference,Reference preprocessing,cross_task,Within-participant cross-task transfer,stroop_to_arithmetic,Stroop to Arithmetic,11,1,0.0,0.0,1.2693545666655954
reference,Reference preprocessing,cross_task,Within-participant cross-task transfer,stroop_to_arithmetic,Stroop to Arithmetic,12,1,0.0,0.0,0.990463048855053
reference,Reference preprocessing,cross_task,Within-participant cross-task transfer,stroop_to_arithmetic,Stroop to Arithmetic,13,1,0.75,0.6666666666666666,0.5599817361548732
neutral_legacy_multipliers,Neutral legacy multipliers,participant_disjoint_loso,Participant-disjoint LOSO,arithmetic,Arithmetic,1,1,0.75,0.75,0.4953752966295781
neutral_legacy_multipliers,Neutral legacy multipliers,participant_disjoint_loso,Participant-disjoint LOSO,arithmetic,Arithmetic,2,1,0.5,0.5,2.261408945172199
neutral_legacy_multipliers,Neutral legacy multipliers,participant_disjoint_loso,Participant-disjoint LOSO,arithmetic,Arithmetic,3,1,0.75,0.75,0.3949920301528561
neutral_legacy_multipliers,Neutral legacy multipliers,participant_disjoint_loso,Participant-disjoint LOSO,arithmetic,Arithmetic,4,1,0.5,0.5,1.6682216077548264
neutral_legacy_multipliers,Neutral legacy multipliers,participant_disjoint_loso,Participant-disjoint LOSO,arithmetic,Arithmetic,5,1,0.5,0.5,0.8486980807366524
neutral_legacy_multipliers,Neutral legacy multipliers,participant_disjoint_loso,Participant-disjoint LOSO,arithmetic,Arithmetic,6,1,0.5,0.5,4.343871468414614
neutral_legacy_multipliers,Neutral legacy multipliers,participant_disjoint_loso,Participant-disjoint LOSO,arithmetic,Arithmetic,7,1,0.5,0.5,1.564824230307778
neutral_legacy_multipliers,Neutral legacy multipliers,participant_disjoint_loso,Participant-disjoint LOSO,arithmetic,Arithmetic,8,1,0.5,0.5,0.9823108091230753
neutral_legacy_multipliers,Neutral legacy multipliers,participant_disjoint_loso,Participant-disjoint LOSO,arithmetic,Arithmetic,9,1,0.5,0.5,1.1752842919079252
neutral_legacy_multipliers,Neutral legacy multipliers,participant_disjoint_loso,Participant-disjoint LOSO,arithmetic,Arithmetic,10,1,0.5,0.5,0.5343053693498887
neutral_legacy_multipliers,Neutral legacy multipliers,participant_disjoint_loso,Participant-disjoint LOSO,arithmetic,Arithmetic,11,1,0.75,0.75,0.5570247538174202
neutral_legacy_multipliers,Neutral legacy multipliers,participant_disjoint_loso,Participant-disjoint LOSO,arithmetic,Arithmetic,12,1,0.5,0.5,0.8422963387454246
neutral_legacy_multipliers,Neutral legacy multipliers,participant_disjoint_loso,Participant-disjoint LOSO,arithmetic,Arithmetic,13,1,0.75,0.75,0.4150317934451443
neutral_legacy_multipliers,Neutral legacy multipliers,participant_disjoint_loso,Participant-disjoint LOSO,arithmetic,Arithmetic,14,1,0.75,0.75,0.8749733355932736
neutral_legacy_multipliers,Neutral legacy multipliers,participant_disjoint_loso,Participant-disjoint LOSO,arithmetic,Arithmetic,15,1,0.5,0.5,2.2950346576498215
no_50hz_attenuation,No 50-Hz attenuation,participant_disjoint_loso,Participant-disjoint LOSO,arithmetic,Arithmetic,1,1,0.75,0.75,0.5532053938036743
no_50hz_attenuation,No 50-Hz attenuation,participant_disjoint_loso,Participant-disjoint LOSO,arithmetic,Arithmetic,2,1,0.5,0.5,1.372673189013711
no_50hz_attenuation,No 50-Hz attenuation,participant_disjoint_loso,Participant-disjoint LOSO,arithmetic,Arithmetic,3,1,0.75,0.75,0.5057561262640036
no_50hz_attenuation,No 50-Hz attenuation,participant_disjoint_loso,Participant-disjoint LOSO,arithmetic,Arithmetic,4,1,0.25,0.25,4.081213612898349
no_50hz_attenuation,No 50-Hz attenuation,participant_disjoint_loso,Participant-disjoint LOSO,arithmetic,Arithmetic,5,1,0.5,0.5,0.725288812727388
no_50hz_attenuation,No 50-Hz attenuation,participant_disjoint_loso,Participant-disjoint LOSO,arithmetic,Arithmetic,6,1,0.5,0.5,2.0875054035243417
no_50hz_attenuation,No 50-Hz attenuation,participant_disjoint_loso,Participant-disjoint LOSO,arithmetic,Arithmetic,7,1,0.75,0.75,0.642151980939613
no_50hz_attenuation,No 50-Hz attenuation,participant_disjoint_loso,Participant-disjoint LOSO,arithmetic,Arithmetic,8,1,0.5,0.5,0.8958595858516878
no_50hz_attenuation,No 50-Hz attenuation,participant_disjoint_loso,Participant-disjoint LOSO,arithmetic,Arithmetic,9,1,0.5,0.5,1.6427295085550773
no_50hz_attenuation,No 50-Hz attenuation,participant_disjoint_loso,Participant-disjoint LOSO,arithmetic,Arithmetic,10,1,0.5,0.5,3.3127614782828925
no_50hz_attenuation,No 50-Hz attenuation,participant_disjoint_loso,Participant-disjoint LOSO,arithmetic,Arithmetic,11,1,0.75,0.75,0.5725624159958085
no_50hz_attenuation,No 50-Hz attenuation,participant_disjoint_loso,Participant-disjoint LOSO,arithmetic,Arithmetic,12,1,0.5,0.5,0.9894467097881599
no_50hz_attenuation,No 50-Hz attenuation,participant_disjoint_loso,Participant-disjoint LOSO,arithmetic,Arithmetic,13,1,0.5,0.5,0.6148929023515346
no_50hz_attenuation,No 50-Hz attenuation,participant_disjoint_loso,Participant-disjoint LOSO,arithmetic,Arithmetic,14,1,0.75,0.75,1.000881693080797
no_50hz_attenuation,No 50-Hz attenuation,participant_disjoint_loso,Participant-disjoint LOSO,arithmetic,Arithmetic,15,1,0.75,0.75,0.43448397193599053
no_window_zscore,No within-window z-score,participant_disjoint_loso,Participant-disjoint LOSO,arithmetic,Arithmetic,1,1,0.5,0.5,1.6993661002816343
no_window_zscore,No within-window z-score,participant_disjoint_loso,Participant-disjoint LOSO,arithmetic,Arithmetic,2,1,0.5,0.5,2.535615165393604
no_window_zscore,No within-window z-score,participant_disjoint_loso,Participant-disjoint LOSO,arithmetic,Arithmetic,3,1,0.75,0.75,0.3979704227691284
no_window_zscore,No within-window z-score,participant_disjoint_loso,Participant-disjoint LOSO,arithmetic,Arithmetic,4,1,0.5,0.5,8.366449325644789
no_window_zscore,No within-window z-score,participant_disjoint_loso,Participant-disjoint LOSO,arithmetic,Arithmetic,5,1,0.25,0.25,0.7428678614877584
no_window_zscore,No within-window z-score,participant_disjoint_loso,Participant-disjoint LOSO,arithmetic,Arithmetic,6,1,0.5,0.5,4.6141737441808495
no_window_zscore,No within-window z-score,participant_disjoint_loso,Participant-disjoint LOSO,arithmetic,Arithmetic,7,1,0.5,0.5,3.3302891813612048
no_window_zscore,No within-window z-score,participant_disjoint_loso,Participant-disjoint LOSO,arithmetic,Arithmetic,8,1,0.5,0.5,0.9155672290110921
no_window_zscore,No within-window z-score,participant_disjoint_loso,Participant-disjoint LOSO,arithmetic,Arithmetic,9,1,0.5,0.5,1.276793025987915
no_window_zscore,No within-window z-score,participant_disjoint_loso,Participant-disjoint LOSO,arithmetic,Arithmetic,10,1,0.5,0.5,2.9871603553824935
no_window_zscore,No within-window z-score,participant_disjoint_loso,Participant-disjoint LOSO,arithmetic,Arithmetic,11,1,0.75,0.75,0.7364643701344714
no_window_zscore,No within-window z-score,participant_disjoint_loso,Participant-disjoint LOSO,arithmetic,Arithmetic,12,1,0.5,0.5,1.1260101306616686
no_window_zscore,No within-window z-score,participant_disjoint_loso,Participant-disjoint LOSO,arithmetic,Arithmetic,13,1,0.75,0.75,0.36307255600074434
no_window_zscore,No within-window z-score,participant_disjoint_loso,Participant-disjoint LOSO,arithmetic,Arithmetic,14,1,0.5,0.5,3.076435849194326
no_window_zscore,No within-window z-score,participant_disjoint_loso,Participant-disjoint LOSO,arithmetic,Arithmetic,15,1,0.5,0.5,6.8676214117448335
recording_zscore,Recording-level z-score,participant_disjoint_loso,Participant-disjoint LOSO,arithmetic,Arithmetic,1,1,0.5,0.5,3.2230760688537425
recording_zscore,Recording-level z-score,participant_disjoint_loso,Participant-disjoint LOSO,arithmetic,Arithmetic,2,1,0.75,0.75,3.335528614689734
recording_zscore,Recording-level z-score,participant_disjoint_loso,Participant-disjoint LOSO,arithmetic,Arithmetic,3,1,0.75,0.75,3.850541645489136
recording_zscore,Recording-level z-score,participant_disjoint_loso,Participant-disjoint LOSO,arithmetic,Arithmetic,4,1,0.5,0.5,3.876625325527076
recording_zscore,Recording-level z-score,participant_disjoint_loso,Participant-disjoint LOSO,arithmetic,Arithmetic,5,1,0.5,0.5,1.9066953442729364
recording_zscore,Recording-level z-score,participant_disjoint_loso,Participant-disjoint LOSO,arithmetic,Arithmetic,6,1,0.5,0.5,5.4336323206611805
recording_zscore,Recording-level z-score,participant_disjoint_loso,Participant-disjoint LOSO,arithmetic,Arithmetic,7,1,0.5,0.5,2.3078677409960076
recording_zscore,Recording-level z-score,participant_disjoint_loso,Participant-disjoint LOSO,arithmetic,Arithmetic,8,1,0.75,0.75,0.9789715659168802
recording_zscore,Recording-level z-score,participant_disjoint_loso,Participant-disjoint LOSO,arithmetic,Arithmetic,9,1,0.5,0.5,2.0213918165824576
recording_zscore,Recording-level z-score,participant_disjoint_loso,Participant-disjoint LOSO,arithmetic,Arithmetic,10,1,0.5,0.5,1.2815351795277863
recording_zscore,Recording-level z-score,participant_disjoint_loso,Participant-disjoint LOSO,arithmetic,Arithmetic,11,1,0.5,0.5,1.1291179324644425
recording_zscore,Recording-level z-score,participant_disjoint_loso,Participant-disjoint LOSO,arithmetic,Arithmetic,12,1,0.75,0.75,0.6040928858666332
recording_zscore,Recording-level z-score,participant_disjoint_loso,Participant-disjoint LOSO,arithmetic,Arithmetic,13,1,1.0,1.0,0.2660805210958361
recording_zscore,Recording-level z-score,participant_disjoint_loso,Participant-disjoint LOSO,arithmetic,Arithmetic,14,1,0.75,0.75,1.4071601637539097
recording_zscore,Recording-level z-score,participant_disjoint_loso,Participant-disjoint LOSO,arithmetic,Arithmetic,15,1,0.25,0.25,5.208459646888059
reference,Reference preprocessing,participant_disjoint_loso,Participant-disjoint LOSO,arithmetic,Arithmetic,1,1,0.75,0.75,0.49685689159474633
reference,Reference preprocessing,participant_disjoint_loso,Participant-disjoint LOSO,arithmetic,Arithmetic,2,1,0.5,0.5,2.265945256987206
reference,Reference preprocessing,participant_disjoint_loso,Participant-disjoint LOSO,arithmetic,Arithmetic,3,1,0.75,0.75,0.39476715392400596
reference,Reference preprocessing,participant_disjoint_loso,Participant-disjoint LOSO,arithmetic,Arithmetic,4,1,0.5,0.5,1.5959921219273698
reference,Reference preprocessing,participant_disjoint_loso,Participant-disjoint LOSO,arithmetic,Arithmetic,5,1,0.5,0.5,0.8528801803271453
reference,Reference preprocessing,participant_disjoint_loso,Participant-disjoint LOSO,arithmetic,Arithmetic,6,1,0.5,0.5,4.312335382649067
reference,Reference preprocessing,participant_disjoint_loso,Participant-disjoint LOSO,arithmetic,Arithmetic,7,1,0.5,0.5,1.46650816193656
reference,Reference preprocessing,participant_disjoint_loso,Participant-disjoint LOSO,arithmetic,Arithmetic,8,1,0.5,0.5,0.9892671879858562
reference,Reference preprocessing,participant_disjoint_loso,Participant-disjoint LOSO,arithmetic,Arithmetic,9,1,0.5,0.5,1.1941311003217585
reference,Reference preprocessing,participant_disjoint_loso,Participant-disjoint LOSO,arithmetic,Arithmetic,10,1,0.5,0.5,0.5250327965425083
reference,Reference preprocessing,participant_disjoint_loso,Participant-disjoint LOSO,arithmetic,Arithmetic,11,1,0.75,0.75,0.5598792103529496
reference,Reference preprocessing,participant_disjoint_loso,Participant-disjoint LOSO,arithmetic,Arithmetic,12,1,0.5,0.5,0.8782211465940197
reference,Reference preprocessing,participant_disjoint_loso,Participant-disjoint LOSO,arithmetic,Arithmetic,13,1,0.75,0.75,0.4128512113829891
reference,Reference preprocessing,participant_disjoint_loso,Participant-disjoint LOSO,arithmetic,Arithmetic,14,1,0.75,0.75,0.8368676187336412
reference,Reference preprocessing,participant_disjoint_loso,Participant-disjoint LOSO,arithmetic,Arithmetic,15,1,0.5,0.5,2.2942443886315793
neutral_legacy_multipliers,Neutral legacy multipliers,participant_disjoint_loso,Participant-disjoint LOSO,stroop,Stroop,1,1,0.5,0.5,1.504038151297015
neutral_legacy_multipliers,Neutral legacy multipliers,participant_disjoint_loso,Participant-disjoint LOSO,stroop,Stroop,2,1,0.5,0.5,1.1746748718284865
neutral_legacy_multipliers,Neutral legacy multipliers,participant_disjoint_loso,Participant-disjoint LOSO,stroop,Stroop,3,1,0.75,0.75,0.26733182520464255
neutral_legacy_multipliers,Neutral legacy multipliers,participant_disjoint_loso,Participant-disjoint LOSO,stroop,Stroop,4,1,0.5,0.5,1.0632353723490084
neutral_legacy_multipliers,Neutral legacy multipliers,participant_disjoint_loso,Participant-disjoint LOSO,stroop,Stroop,5,1,0.75,0.75,0.4583011719708922
neutral_legacy_multipliers,Neutral legacy multipliers,participant_disjoint_loso,Participant-disjoint LOSO,stroop,Stroop,6,1,0.5,0.5,1.954936656453295
neutral_legacy_multipliers,Neutral legacy multipliers,participant_disjoint_loso,Participant-disjoint LOSO,stroop,Stroop,7,1,0.25,0.25,2.4007373522648727
neutral_legacy_multipliers,Neutral legacy multipliers,participant_disjoint_loso,Participant-disjoint LOSO,stroop,Stroop,8,1,0.75,0.75,0.5607471815356149
neutral_legacy_multipliers,Neutral legacy multipliers,participant_disjoint_loso,Participant-disjoint LOSO,stroop,Stroop,9,1,1.0,1.0,0.32616710852830827
neutral_legacy_multipliers,Neutral legacy multipliers,participant_disjoint_loso,Participant-disjoint LOSO,stroop,Stroop,10,1,0.5,0.5,4.794677374633637
neutral_legacy_multipliers,Neutral legacy multipliers,participant_disjoint_loso,Participant-disjoint LOSO,stroop,Stroop,11,1,0.75,0.75,0.47534697435658113
neutral_legacy_multipliers,Neutral legacy multipliers,participant_disjoint_loso,Participant-disjoint LOSO,stroop,Stroop,12,1,0.5,0.5,0.7997950848699514
neutral_legacy_multipliers,Neutral legacy multipliers,participant_disjoint_loso,Participant-disjoint LOSO,stroop,Stroop,13,1,0.5,0.5,0.7938463614965279
no_50hz_attenuation,No 50-Hz attenuation,participant_disjoint_loso,Participant-disjoint LOSO,stroop,Stroop,1,1,0.25,0.25,1.0923620933181235
no_50hz_attenuation,No 50-Hz attenuation,participant_disjoint_loso,Participant-disjoint LOSO,stroop,Stroop,2,1,0.75,0.75,0.5593307920949
no_50hz_attenuation,No 50-Hz attenuation,participant_disjoint_loso,Participant-disjoint LOSO,stroop,Stroop,3,1,0.75,0.75,0.2509935267790772
no_50hz_attenuation,No 50-Hz attenuation,participant_disjoint_loso,Participant-disjoint LOSO,stroop,Stroop,4,1,0.5,0.5,5.922641352306712
no_50hz_attenuation,No 50-Hz attenuation,participant_disjoint_loso,Participant-disjoint LOSO,stroop,Stroop,5,1,1.0,1.0,0.17122106866190934
no_50hz_attenuation,No 50-Hz attenuation,participant_disjoint_loso,Participant-disjoint LOSO,stroop,Stroop,6,1,0.5,0.5,2.561480898018164
no_50hz_attenuation,No 50-Hz attenuation,participant_disjoint_loso,Participant-disjoint LOSO,stroop,Stroop,7,1,0.5,0.5,2.157029822394424
no_50hz_attenuation,No 50-Hz attenuation,participant_disjoint_loso,Participant-disjoint LOSO,stroop,Stroop,8,1,0.5,0.5,0.687606206509657
no_50hz_attenuation,No 50-Hz attenuation,participant_disjoint_loso,Participant-disjoint LOSO,stroop,Stroop,9,1,1.0,1.0,0.3695233143753176
no_50hz_attenuation,No 50-Hz attenuation,participant_disjoint_loso,Participant-disjoint LOSO,stroop,Stroop,10,1,0.5,0.5,5.76990535795841
no_50hz_attenuation,No 50-Hz attenuation,participant_disjoint_loso,Participant-disjoint LOSO,stroop,Stroop,11,1,0.75,0.75,0.5719924167435253
no_50hz_attenuation,No 50-Hz attenuation,participant_disjoint_loso,Participant-disjoint LOSO,stroop,Stroop,12,1,0.5,0.5,1.6192296616978379
no_50hz_attenuation,No 50-Hz attenuation,participant_disjoint_loso,Participant-disjoint LOSO,stroop,Stroop,13,1,0.5,0.5,1.0298123411208349
no_window_zscore,No within-window z-score,participant_disjoint_loso,Participant-disjoint LOSO,stroop,Stroop,1,1,0.5,0.5,1.0476795734160962
no_window_zscore,No within-window z-score,participant_disjoint_loso,Participant-disjoint LOSO,stroop,Stroop,2,1,0.5,0.5,0.9556676740315688
no_window_zscore,No within-window z-score,participant_disjoint_loso,Participant-disjoint LOSO,stroop,Stroop,3,1,1.0,1.0,0.12524528235960786
no_window_zscore,No within-window z-score,participant_disjoint_loso,Participant-disjoint LOSO,stroop,Stroop,4,1,0.5,0.5,13.81551055796524
no_window_zscore,No within-window z-score,participant_disjoint_loso,Participant-disjoint LOSO,stroop,Stroop,5,1,0.75,0.75,0.4820400433483815
no_window_zscore,No within-window z-score,participant_disjoint_loso,Participant-disjoint LOSO,stroop,Stroop,6,1,0.5,0.5,7.68375447632425
no_window_zscore,No within-window z-score,participant_disjoint_loso,Participant-disjoint LOSO,stroop,Stroop,7,1,0.25,0.25,2.902093535484236
no_window_zscore,No within-window z-score,participant_disjoint_loso,Participant-disjoint LOSO,stroop,Stroop,8,1,0.75,0.75,0.6130054085421619
no_window_zscore,No within-window z-score,participant_disjoint_loso,Participant-disjoint LOSO,stroop,Stroop,9,1,0.75,0.75,0.43955852444463817
no_window_zscore,No within-window z-score,participant_disjoint_loso,Participant-disjoint LOSO,stroop,Stroop,10,1,0.5,0.5,3.2862832208767174
no_window_zscore,No within-window z-score,participant_disjoint_loso,Participant-disjoint LOSO,stroop,Stroop,11,1,0.75,0.75,0.5827993269306462
no_window_zscore,No within-window z-score,participant_disjoint_loso,Participant-disjoint LOSO,stroop,Stroop,12,1,0.5,0.5,0.6775568505227626
no_window_zscore,No within-window z-score,participant_disjoint_loso,Participant-disjoint LOSO,stroop,Stroop,13,1,0.75,0.75,0.33582191755712887
recording_zscore,Recording-level z-score,participant_disjoint_loso,Participant-disjoint LOSO,stroop,Stroop,1,1,0.5,0.5,0.683147275873593
recording_zscore,Recording-level z-score,participant_disjoint_loso,Participant-disjoint LOSO,stroop,Stroop,2,1,0.75,0.75,1.1493285685207046
recording_zscore,Recording-level z-score,participant_disjoint_loso,Participant-disjoint LOSO,stroop,Stroop,3,1,0.75,0.75,0.6355879449697639
recording_zscore,Recording-level z-score,participant_disjoint_loso,Participant-disjoint LOSO,stroop,Stroop,4,1,0.5,0.5,5.600011978534164
recording_zscore,Recording-level z-score,participant_disjoint_loso,Participant-disjoint LOSO,stroop,Stroop,5,1,0.5,0.5,2.5271301472474708
recording_zscore,Recording-level z-score,participant_disjoint_loso,Participant-disjoint LOSO,stroop,Stroop,6,1,0.0,0.0,17.593143477847935
recording_zscore,Recording-level z-score,participant_disjoint_loso,Participant-disjoint LOSO,stroop,Stroop,7,1,0.0,0.0,12.194790494524508
recording_zscore,Recording-level z-score,participant_disjoint_loso,Participant-disjoint LOSO,stroop,Stroop,8,1,0.5,0.5,1.0502274647029708
recording_zscore,Recording-level z-score,participant_disjoint_loso,Participant-disjoint LOSO,stroop,Stroop,9,1,0.5,0.5,2.4641291793330806
recording_zscore,Recording-level z-score,participant_disjoint_loso,Participant-disjoint LOSO,stroop,Stroop,10,1,0.5,0.5,2.9077177238044754
recording_zscore,Recording-level z-score,participant_disjoint_loso,Participant-disjoint LOSO,stroop,Stroop,11,1,0.75,0.75,0.4468437121912879
recording_zscore,Recording-level z-score,participant_disjoint_loso,Participant-disjoint LOSO,stroop,Stroop,12,1,0.5,0.5,1.1881266710734748
recording_zscore,Recording-level z-score,participant_disjoint_loso,Participant-disjoint LOSO,stroop,Stroop,13,1,0.75,0.75,2.775879902130805
reference,Reference preprocessing,participant_disjoint_loso,Participant-disjoint LOSO,stroop,Stroop,1,1,0.5,0.5,1.4920088970781062
reference,Reference preprocessing,participant_disjoint_loso,Participant-disjoint LOSO,stroop,Stroop,2,1,0.5,0.5,1.1662319590071062
reference,Reference preprocessing,participant_disjoint_loso,Participant-disjoint LOSO,stroop,Stroop,3,1,0.75,0.75,0.26549092727047213
reference,Reference preprocessing,participant_disjoint_loso,Participant-disjoint LOSO,stroop,Stroop,4,1,0.5,0.5,1.1392203623882353
reference,Reference preprocessing,participant_disjoint_loso,Participant-disjoint LOSO,stroop,Stroop,5,1,0.75,0.75,0.45601857513897415
reference,Reference preprocessing,participant_disjoint_loso,Participant-disjoint LOSO,stroop,Stroop,6,1,0.5,0.5,1.9661086293837957
reference,Reference preprocessing,participant_disjoint_loso,Participant-disjoint LOSO,stroop,Stroop,7,1,0.25,0.25,2.3461042240762024
reference,Reference preprocessing,participant_disjoint_loso,Participant-disjoint LOSO,stroop,Stroop,8,1,0.75,0.75,0.5645463958316651
reference,Reference preprocessing,participant_disjoint_loso,Participant-disjoint LOSO,stroop,Stroop,9,1,1.0,1.0,0.32245068149866485
reference,Reference preprocessing,participant_disjoint_loso,Participant-disjoint LOSO,stroop,Stroop,10,1,0.5,0.5,4.677305362490692
reference,Reference preprocessing,participant_disjoint_loso,Participant-disjoint LOSO,stroop,Stroop,11,1,0.75,0.75,0.4692070812405677
reference,Reference preprocessing,participant_disjoint_loso,Participant-disjoint LOSO,stroop,Stroop,12,1,0.5,0.5,0.8373751039931795
reference,Reference preprocessing,participant_disjoint_loso,Participant-disjoint LOSO,stroop,Stroop,13,1,0.5,0.5,0.7756059088662434
neutral_legacy_multipliers,Neutral legacy multipliers,recording_disjoint,Within-participant recording-disjoint,arithmetic,Arithmetic,1,10,0.75,0.75,0.6986777944550404
neutral_legacy_multipliers,Neutral legacy multipliers,recording_disjoint,Within-participant recording-disjoint,arithmetic,Arithmetic,2,10,0.5,0.5,1.7288116618039635
neutral_legacy_multipliers,Neutral legacy multipliers,recording_disjoint,Within-participant recording-disjoint,arithmetic,Arithmetic,3,10,0.5,0.5,2.8111519658854416
neutral_legacy_multipliers,Neutral legacy multipliers,recording_disjoint,Within-participant recording-disjoint,arithmetic,Arithmetic,4,10,0.5,0.5,3.6209446115130506
neutral_legacy_multipliers,Neutral legacy multipliers,recording_disjoint,Within-participant recording-disjoint,arithmetic,Arithmetic,5,10,0.5,0.5,3.9704654061124236
neutral_legacy_multipliers,Neutral legacy multipliers,recording_disjoint,Within-participant recording-disjoint,arithmetic,Arithmetic,6,10,0.5,0.5,2.9117166806510886
neutral_legacy_multipliers,Neutral legacy multipliers,recording_disjoint,Within-participant recording-disjoint,arithmetic,Arithmetic,7,10,0.6,0.6,2.111502973076057
neutral_legacy_multipliers,Neutral legacy multipliers,recording_disjoint,Within-participant recording-disjoint,arithmetic,Arithmetic,8,10,0.6,0.6,1.3479340577637906
neutral_legacy_multipliers,Neutral legacy multipliers,recording_disjoint,Within-participant recording-disjoint,arithmetic,Arithmetic,9,10,0.6,0.6,1.9852962106129035
neutral_legacy_multipliers,Neutral legacy multipliers,recording_disjoint,Within-participant recording-disjoint,arithmetic,Arithmetic,10,10,0.5,0.5,2.092144320924762
neutral_legacy_multipliers,Neutral legacy multipliers,recording_disjoint,Within-participant recording-disjoint,arithmetic,Arithmetic,11,10,0.5,0.5,4.6130460929022945
neutral_legacy_multipliers,Neutral legacy multipliers,recording_disjoint,Within-participant recording-disjoint,arithmetic,Arithmetic,12,10,0.5,0.5,2.7408018517705393
neutral_legacy_multipliers,Neutral legacy multipliers,recording_disjoint,Within-participant recording-disjoint,arithmetic,Arithmetic,13,10,0.5,0.5,2.70210837491311
neutral_legacy_multipliers,Neutral legacy multipliers,recording_disjoint,Within-participant recording-disjoint,arithmetic,Arithmetic,14,10,0.4,0.4,6.531522752005794
neutral_legacy_multipliers,Neutral legacy multipliers,recording_disjoint,Within-participant recording-disjoint,arithmetic,Arithmetic,15,10,0.75,0.75,2.0814577832622434
no_50hz_attenuation,No 50-Hz attenuation,recording_disjoint,Within-participant recording-disjoint,arithmetic,Arithmetic,1,10,0.75,0.75,0.7586298408706292
no_50hz_attenuation,No 50-Hz attenuation,recording_disjoint,Within-participant recording-disjoint,arithmetic,Arithmetic,2,10,0.5,0.5,1.5324524490645188
no_50hz_attenuation,No 50-Hz attenuation,recording_disjoint,Within-participant recording-disjoint,arithmetic,Arithmetic,3,10,0.5,0.5,2.068001988236328
no_50hz_attenuation,No 50-Hz attenuation,recording_disjoint,Within-participant recording-disjoint,arithmetic,Arithmetic,4,10,0.5,0.5,2.331638801545988
no_50hz_attenuation,No 50-Hz attenuation,recording_disjoint,Within-participant recording-disjoint,arithmetic,Arithmetic,5,10,0.6,0.6,1.9164826118418763
no_50hz_attenuation,No 50-Hz attenuation,recording_disjoint,Within-participant recording-disjoint,arithmetic,Arithmetic,6,10,0.5,0.5,3.905948829667699
no_50hz_attenuation,No 50-Hz attenuation,recording_disjoint,Within-participant recording-disjoint,arithmetic,Arithmetic,7,10,0.6,0.6,2.755785879209906
no_50hz_attenuation,No 50-Hz attenuation,recording_disjoint,Within-participant recording-disjoint,arithmetic,Arithmetic,8,10,0.35,0.35,1.7140879677048466
no_50hz_attenuation,No 50-Hz attenuation,recording_disjoint,Within-participant recording-disjoint,arithmetic,Arithmetic,9,10,0.6,0.6,1.9905855329495914
no_50hz_attenuation,No 50-Hz attenuation,recording_disjoint,Within-participant recording-disjoint,arithmetic,Arithmetic,10,10,0.55,0.55,2.121894045259818
no_50hz_attenuation,No 50-Hz attenuation,recording_disjoint,Within-participant recording-disjoint,arithmetic,Arithmetic,11,10,0.5,0.5,4.140808595996421
no_50hz_attenuation,No 50-Hz attenuation,recording_disjoint,Within-participant recording-disjoint,arithmetic,Arithmetic,12,10,0.5,0.5,2.269983809238313
no_50hz_attenuation,No 50-Hz attenuation,recording_disjoint,Within-participant recording-disjoint,arithmetic,Arithmetic,13,10,0.5,0.5,2.5438423456000643
no_50hz_attenuation,No 50-Hz attenuation,recording_disjoint,Within-participant recording-disjoint,arithmetic,Arithmetic,14,10,0.55,0.55,5.994329838316834
no_50hz_attenuation,No 50-Hz attenuation,recording_disjoint,Within-participant recording-disjoint,arithmetic,Arithmetic,15,10,0.75,0.75,2.147058456615185
no_window_zscore,No within-window z-score,recording_disjoint,Within-participant recording-disjoint,arithmetic,Arithmetic,1,10,0.65,0.65,1.5911325001157461
no_window_zscore,No within-window z-score,recording_disjoint,Within-participant recording-disjoint,arithmetic,Arithmetic,2,10,0.5,0.5,2.4155511001803207
no_window_zscore,No within-window z-score,recording_disjoint,Within-participant recording-disjoint,arithmetic,Arithmetic,3,10,0.6,0.6,1.875819155801567
no_window_zscore,No within-window z-score,recording_disjoint,Within-participant recording-disjoint,arithmetic,Arithmetic,4,10,0.5,0.5,5.683904716131212
no_window_zscore,No within-window z-score,recording_disjoint,Within-participant recording-disjoint,arithmetic,Arithmetic,5,10,0.75,0.75,1.6716172037779653
no_window_zscore,No within-window z-score,recording_disjoint,Within-participant recording-disjoint,arithmetic,Arithmetic,6,10,0.5,0.5,3.0027965670824655
no_window_zscore,No within-window z-score,recording_disjoint,Within-participant recording-disjoint,arithmetic,Arithmetic,7,10,0.75,0.75,1.8907897911262999
no_window_zscore,No within-window z-score,recording_disjoint,Within-participant recording-disjoint,arithmetic,Arithmetic,8,10,0.75,0.75,1.2911305497998735
no_window_zscore,No within-window z-score,recording_disjoint,Within-participant recording-disjoint,arithmetic,Arithmetic,9,10,0.75,0.75,1.738618186961147
no_window_zscore,No within-window z-score,recording_disjoint,Within-participant recording-disjoint,arithmetic,Arithmetic,10,10,0.6,0.6,1.935725610447608
no_window_zscore,No within-window z-score,recording_disjoint,Within-participant recording-disjoint,arithmetic,Arithmetic,11,10,0.35,0.35,4.055316068877206
no_window_zscore,No within-window z-score,recording_disjoint,Within-participant recording-disjoint,arithmetic,Arithmetic,12,10,0.4,0.4,3.7010918168117177
no_window_zscore,No within-window z-score,recording_disjoint,Within-participant recording-disjoint,arithmetic,Arithmetic,13,10,0.6,0.6,2.5725934321582278
no_window_zscore,No within-window z-score,recording_disjoint,Within-participant recording-disjoint,arithmetic,Arithmetic,14,10,0.4,0.4,9.722745101281353
no_window_zscore,No within-window z-score,recording_disjoint,Within-participant recording-disjoint,arithmetic,Arithmetic,15,10,0.75,0.75,2.1241522529352848
recording_zscore,Recording-level z-score,recording_disjoint,Within-participant recording-disjoint,arithmetic,Arithmetic,1,10,0.55,0.55,1.4591721357695584
recording_zscore,Recording-level z-score,recording_disjoint,Within-participant recording-disjoint,arithmetic,Arithmetic,2,10,0.55,0.55,7.193014805016377
recording_zscore,Recording-level z-score,recording_disjoint,Within-participant recording-disjoint,arithmetic,Arithmetic,3,10,0.5,0.5,8.515853476080132
recording_zscore,Recording-level z-score,recording_disjoint,Within-participant recording-disjoint,arithmetic,Arithmetic,4,10,0.65,0.65,0.7557354621960501
recording_zscore,Recording-level z-score,recording_disjoint,Within-participant recording-disjoint,arithmetic,Arithmetic,5,10,0.6,0.6,2.915451713186486
recording_zscore,Recording-level z-score,recording_disjoint,Within-participant recording-disjoint,arithmetic,Arithmetic,6,10,0.45,0.45,5.429076262753883
recording_zscore,Recording-level z-score,recording_disjoint,Within-participant recording-disjoint,arithmetic,Arithmetic,7,10,0.3,0.3,7.894282996196301
recording_zscore,Recording-level z-score,recording_disjoint,Within-participant recording-disjoint,arithmetic,Arithmetic,8,10,0.4,0.4,9.187706018562206
recording_zscore,Recording-level z-score,recording_disjoint,Within-participant recording-disjoint,arithmetic,Arithmetic,9,10,0.3,0.3,10.194532480554878
recording_zscore,Recording-level z-score,recording_disjoint,Within-participant recording-disjoint,arithmetic,Arithmetic,10,10,0.4,0.4,9.54340071475257
recording_zscore,Recording-level z-score,recording_disjoint,Within-participant recording-disjoint,arithmetic,Arithmetic,11,10,0.5,0.5,9.204735473504801
recording_zscore,Recording-level z-score,recording_disjoint,Within-participant recording-disjoint,arithmetic,Arithmetic,12,10,0.4,0.4,8.606026810938852
recording_zscore,Recording-level z-score,recording_disjoint,Within-participant recording-disjoint,arithmetic,Arithmetic,13,10,0.65,0.65,5.253450418865584
recording_zscore,Recording-level z-score,recording_disjoint,Within-participant recording-disjoint,arithmetic,Arithmetic,14,10,0.4,0.4,9.794035651909606
recording_zscore,Recording-level z-score,recording_disjoint,Within-participant recording-disjoint,arithmetic,Arithmetic,15,10,0.5,0.5,3.7786294250688974
reference,Reference preprocessing,recording_disjoint,Within-participant recording-disjoint,arithmetic,Arithmetic,1,10,0.75,0.75,0.6978946200339797
reference,Reference preprocessing,recording_disjoint,Within-participant recording-disjoint,arithmetic,Arithmetic,2,10,0.5,0.5,1.7570166321810088
reference,Reference preprocessing,recording_disjoint,Within-participant recording-disjoint,arithmetic,Arithmetic,3,10,0.5,0.5,2.7650903534900615
reference,Reference preprocessing,recording_disjoint,Within-participant recording-disjoint,arithmetic,Arithmetic,4,10,0.5,0.5,3.6335332462745598
reference,Reference preprocessing,recording_disjoint,Within-participant recording-disjoint,arithmetic,Arithmetic,5,10,0.5,0.5,3.984912152862968
reference,Reference preprocessing,recording_disjoint,Within-participant recording-disjoint,arithmetic,Arithmetic,6,10,0.5,0.5,2.882435630767573
reference,Reference preprocessing,recording_disjoint,Within-participant recording-disjoint,arithmetic,Arithmetic,7,10,0.6,0.6,2.2025051839683014
reference,Reference preprocessing,recording_disjoint,Within-participant recording-disjoint,arithmetic,Arithmetic,8,10,0.6,0.6,1.3402658966430645
reference,Reference preprocessing,recording_disjoint,Within-participant recording-disjoint,arithmetic,Arithmetic,9,10,0.6,0.6,1.99711557607218
reference,Reference preprocessing,recording_disjoint,Within-participant recording-disjoint,arithmetic,Arithmetic,10,10,0.5,0.5,2.127233906197652
reference,Reference preprocessing,recording_disjoint,Within-participant recording-disjoint,arithmetic,Arithmetic,11,10,0.5,0.5,4.58366011183855
reference,Reference preprocessing,recording_disjoint,Within-participant recording-disjoint,arithmetic,Arithmetic,12,10,0.5,0.5,2.7100252890431147
reference,Reference preprocessing,recording_disjoint,Within-participant recording-disjoint,arithmetic,Arithmetic,13,10,0.5,0.5,2.713521284932722
reference,Reference preprocessing,recording_disjoint,Within-participant recording-disjoint,arithmetic,Arithmetic,14,10,0.4,0.4,6.7023707566461095
reference,Reference preprocessing,recording_disjoint,Within-participant recording-disjoint,arithmetic,Arithmetic,15,10,0.75,0.75,2.118878616199391
neutral_legacy_multipliers,Neutral legacy multipliers,recording_disjoint,Within-participant recording-disjoint,stroop,Stroop,1,10,0.35,0.35,3.229996312120716
neutral_legacy_multipliers,Neutral legacy multipliers,recording_disjoint,Within-participant recording-disjoint,stroop,Stroop,2,10,0.75,0.75,1.3094918553151325
neutral_legacy_multipliers,Neutral legacy multipliers,recording_disjoint,Within-participant recording-disjoint,stroop,Stroop,3,10,0.65,0.65,1.8088265914614674
neutral_legacy_multipliers,Neutral legacy multipliers,recording_disjoint,Within-participant recording-disjoint,stroop,Stroop,4,10,0.65,0.65,1.0881523383002705
neutral_legacy_multipliers,Neutral legacy multipliers,recording_disjoint,Within-participant recording-disjoint,stroop,Stroop,5,10,0.75,0.75,0.8926197000418202
neutral_legacy_multipliers,Neutral legacy multipliers,recording_disjoint,Within-participant recording-disjoint,stroop,Stroop,6,10,0.25,0.25,11.055267741974575
neutral_legacy_multipliers,Neutral legacy multipliers,recording_disjoint,Within-participant recording-disjoint,stroop,Stroop,7,10,0.75,0.75,1.9380488844896497
neutral_legacy_multipliers,Neutral legacy multipliers,recording_disjoint,Within-participant recording-disjoint,stroop,Stroop,8,10,0.5,0.5,1.4529783545046173
neutral_legacy_multipliers,Neutral legacy multipliers,recording_disjoint,Within-participant recording-disjoint,stroop,Stroop,9,10,0.35,0.35,3.541074734872253
neutral_legacy_multipliers,Neutral legacy multipliers,recording_disjoint,Within-participant recording-disjoint,stroop,Stroop,10,10,0.35,0.35,3.1676061235086728
neutral_legacy_multipliers,Neutral legacy multipliers,recording_disjoint,Within-participant recording-disjoint,stroop,Stroop,11,10,0.75,0.75,1.412522552150212
neutral_legacy_multipliers,Neutral legacy multipliers,recording_disjoint,Within-participant recording-disjoint,stroop,Stroop,12,10,0.35,0.35,2.2330044726206433
neutral_legacy_multipliers,Neutral legacy multipliers,recording_disjoint,Within-participant recording-disjoint,stroop,Stroop,13,10,0.4,0.4,4.9900578241744755
no_50hz_attenuation,No 50-Hz attenuation,recording_disjoint,Within-participant recording-disjoint,stroop,Stroop,1,10,0.35,0.35,3.74923473495477
no_50hz_attenuation,No 50-Hz attenuation,recording_disjoint,Within-participant recording-disjoint,stroop,Stroop,2,10,0.75,0.75,1.4827984930335136
no_50hz_attenuation,No 50-Hz attenuation,recording_disjoint,Within-participant recording-disjoint,stroop,Stroop,3,10,0.5,0.5,1.1552716638037146
no_50hz_attenuation,No 50-Hz attenuation,recording_disjoint,Within-participant recording-disjoint,stroop,Stroop,4,10,0.65,0.65,1.0442636897653723
no_50hz_attenuation,No 50-Hz attenuation,recording_disjoint,Within-participant recording-disjoint,stroop,Stroop,5,10,0.6,0.6,2.748453185796094
no_50hz_attenuation,No 50-Hz attenuation,recording_disjoint,Within-participant recording-disjoint,stroop,Stroop,6,10,0.35,0.35,8.64127081167313
no_50hz_attenuation,No 50-Hz attenuation,recording_disjoint,Within-participant recording-disjoint,stroop,Stroop,7,10,0.45,0.45,3.3133294163448177
no_50hz_attenuation,No 50-Hz attenuation,recording_disjoint,Within-participant recording-disjoint,stroop,Stroop,8,10,0.6,0.6,1.9080195216254026
no_50hz_attenuation,No 50-Hz attenuation,recording_disjoint,Within-participant recording-disjoint,stroop,Stroop,9,10,0.35,0.35,5.837036156321118
no_50hz_attenuation,No 50-Hz attenuation,recording_disjoint,Within-participant recording-disjoint,stroop,Stroop,10,10,0.5,0.5,2.4047283619889717
no_50hz_attenuation,No 50-Hz attenuation,recording_disjoint,Within-participant recording-disjoint,stroop,Stroop,11,10,0.75,0.75,1.6198249182292899
no_50hz_attenuation,No 50-Hz attenuation,recording_disjoint,Within-participant recording-disjoint,stroop,Stroop,12,10,0.35,0.35,2.561903957762523
no_50hz_attenuation,No 50-Hz attenuation,recording_disjoint,Within-participant recording-disjoint,stroop,Stroop,13,10,0.4,0.4,4.934426813734116
no_window_zscore,No within-window z-score,recording_disjoint,Within-participant recording-disjoint,stroop,Stroop,1,10,0.4,0.4,4.759391305313079
no_window_zscore,No within-window z-score,recording_disjoint,Within-participant recording-disjoint,stroop,Stroop,2,10,0.75,0.75,1.384032992340715
no_window_zscore,No within-window z-score,recording_disjoint,Within-participant recording-disjoint,stroop,Stroop,3,10,0.65,0.65,2.433582464648363
no_window_zscore,No within-window z-score,recording_disjoint,Within-participant recording-disjoint,stroop,Stroop,4,10,0.55,0.55,3.1561962474210956
no_window_zscore,No within-window z-score,recording_disjoint,Within-participant recording-disjoint,stroop,Stroop,5,10,0.5,0.5,2.8833783180129053
no_window_zscore,No within-window z-score,recording_disjoint,Within-participant recording-disjoint,stroop,Stroop,6,10,0.25,0.25,8.43451161303562
no_window_zscore,No within-window z-score,recording_disjoint,Within-participant recording-disjoint,stroop,Stroop,7,10,0.65,0.65,1.701807741104485
no_window_zscore,No within-window z-score,recording_disjoint,Within-participant recording-disjoint,stroop,Stroop,8,10,0.5,0.5,3.2811731224046596
no_window_zscore,No within-window z-score,recording_disjoint,Within-participant recording-disjoint,stroop,Stroop,9,10,0.35,0.35,3.9560247860882414
no_window_zscore,No within-window z-score,recording_disjoint,Within-participant recording-disjoint,stroop,Stroop,10,10,0.4,0.4,8.237998239822446
no_window_zscore,No within-window z-score,recording_disjoint,Within-participant recording-disjoint,stroop,Stroop,11,10,0.5,0.5,2.8212524731095194
no_window_zscore,No within-window z-score,recording_disjoint,Within-participant recording-disjoint,stroop,Stroop,12,10,0.25,0.25,2.939925309449129
no_window_zscore,No within-window z-score,recording_disjoint,Within-participant recording-disjoint,stroop,Stroop,13,10,0.4,0.4,4.271670978612321
recording_zscore,Recording-level z-score,recording_disjoint,Within-participant recording-disjoint,stroop,Stroop,1,10,0.4,0.4,5.237244594302366
recording_zscore,Recording-level z-score,recording_disjoint,Within-participant recording-disjoint,stroop,Stroop,2,10,0.4,0.4,10.116741458099327
recording_zscore,Recording-level z-score,recording_disjoint,Within-participant recording-disjoint,stroop,Stroop,3,10,0.3,0.3,10.923660257326814
recording_zscore,Recording-level z-score,recording_disjoint,Within-participant recording-disjoint,stroop,Stroop,4,10,0.6,0.6,1.5493604440221622
recording_zscore,Recording-level z-score,recording_disjoint,Within-participant recording-disjoint,stroop,Stroop,5,10,0.5,0.5,8.512850001320269
recording_zscore,Recording-level z-score,recording_disjoint,Within-participant recording-disjoint,stroop,Stroop,6,10,0.65,0.65,6.403105634377037
recording_zscore,Recording-level z-score,recording_disjoint,Within-participant recording-disjoint,stroop,Stroop,7,10,0.5,0.5,5.130215436899791
recording_zscore,Recording-level z-score,recording_disjoint,Within-participant recording-disjoint,stroop,Stroop,8,10,0.2,0.2,10.660115912413122
recording_zscore,Recording-level z-score,recording_disjoint,Within-participant recording-disjoint,stroop,Stroop,9,10,0.5,0.5,5.531407729740467
recording_zscore,Recording-level z-score,recording_disjoint,Within-participant recording-disjoint,stroop,Stroop,10,10,0.4,0.4,8.056977693068987
recording_zscore,Recording-level z-score,recording_disjoint,Within-participant recording-disjoint,stroop,Stroop,11,10,0.5,0.5,9.871341033110728
recording_zscore,Recording-level z-score,recording_disjoint,Within-participant recording-disjoint,stroop,Stroop,12,10,0.4,0.4,7.22495460647107
recording_zscore,Recording-level z-score,recording_disjoint,Within-participant recording-disjoint,stroop,Stroop,13,10,0.4,0.4,9.795661770402123
reference,Reference preprocessing,recording_disjoint,Within-participant recording-disjoint,stroop,Stroop,1,10,0.35,0.35,3.2726158453587173
reference,Reference preprocessing,recording_disjoint,Within-participant recording-disjoint,stroop,Stroop,2,10,0.75,0.75,1.3151082942506398
reference,Reference preprocessing,recording_disjoint,Within-participant recording-disjoint,stroop,Stroop,3,10,0.65,0.65,1.7785693913203289
reference,Reference preprocessing,recording_disjoint,Within-participant recording-disjoint,stroop,Stroop,4,10,0.65,0.65,1.0791169041160387
reference,Reference preprocessing,recording_disjoint,Within-participant recording-disjoint,stroop,Stroop,5,10,0.75,0.75,0.9056593019571213
reference,Reference preprocessing,recording_disjoint,Within-participant recording-disjoint,stroop,Stroop,6,10,0.25,0.25,11.059682825850615
reference,Reference preprocessing,recording_disjoint,Within-participant recording-disjoint,stroop,Stroop,7,10,0.6,0.6,1.983910995349892
reference,Reference preprocessing,recording_disjoint,Within-participant recording-disjoint,stroop,Stroop,8,10,0.5,0.5,1.4269513406447907
reference,Reference preprocessing,recording_disjoint,Within-participant recording-disjoint,stroop,Stroop,9,10,0.35,0.35,3.461277242559466
reference,Reference preprocessing,recording_disjoint,Within-participant recording-disjoint,stroop,Stroop,10,10,0.35,0.35,3.1772494770950024
reference,Reference preprocessing,recording_disjoint,Within-participant recording-disjoint,stroop,Stroop,11,10,0.75,0.75,1.4166505615800724
reference,Reference preprocessing,recording_disjoint,Within-participant recording-disjoint,stroop,Stroop,12,10,0.35,0.35,2.2487309514399216
reference,Reference preprocessing,recording_disjoint,Within-participant recording-disjoint,stroop,Stroop,13,10,0.4,0.4,4.917095465990025
