task,task_display,variant,variant_display,variant_role,held_out_subject,train_participants,validation_participants,train_recordings,validation_recordings,train_windows,validation_windows,participant_overlap,recording_overlap,n_recordings,n_class_0,n_class_1,tn,fp,fn,tp,accuracy,balanced_accuracy,sensitivity,specificity,precision,f1,auroc,pr_auc,average_precision,log_loss,brier_score
arithmetic,Arithmetic,threshold_1_natural_vs_rest,Natural vs low/medium/high,lower-threshold sensitivity,1,14,1,56,4,10066,696,0,0,4,1,3,0,1,0,3,0.75,0.5,1,0,0.75,0.8571428571428571,0.33333333333333331,0.76388888888888884,0.80555555555555558,0.80212589654665778,0.22886351923722986
arithmetic,Arithmetic,threshold_1_natural_vs_rest,Natural vs low/medium/high,lower-threshold sensitivity,2,14,1,56,4,9774,988,0,0,4,1,3,0,1,0,3,0.75,0.5,1,0,0.75,0.8571428571428571,1,1,1,1.3309529829998694,0.24756666604202685
arithmetic,Arithmetic,threshold_1_natural_vs_rest,Natural vs low/medium/high,lower-threshold sensitivity,3,14,1,56,4,10193,569,0,0,4,1,3,1,0,0,3,1,1,1,1,1,1,1,1,1,0.0016276668000660785,3.0277496227114489e-06
arithmetic,Arithmetic,threshold_1_natural_vs_rest,Natural vs low/medium/high,lower-threshold sensitivity,4,14,1,56,4,10096,666,0,0,4,1,3,0,1,1,2,0.5,0.33333333333333331,0.66666666666666663,0,0.66666666666666663,0.66666666666666663,0,0.51388888888888884,0.63888888888888884,7.1955248210381875,0.49999780531709448
arithmetic,Arithmetic,threshold_1_natural_vs_rest,Natural vs low/medium/high,lower-threshold sensitivity,5,14,1,56,4,9935,827,0,0,4,1,3,1,0,0,3,1,1,1,1,1,1,1,1,1,0.34946152023225219,0.10481702939664457
arithmetic,Arithmetic,threshold_1_natural_vs_rest,Natural vs low/medium/high,lower-threshold sensitivity,6,14,1,56,4,10172,590,0,0,4,1,3,1,0,2,1,0.5,0.66666666666666663,0.33333333333333331,1,1,0.5,1,1,1,1.2247070153376263,0.37140606754107475
arithmetic,Arithmetic,threshold_1_natural_vs_rest,Natural vs low/medium/high,lower-threshold sensitivity,7,14,1,56,4,10409,353,0,0,4,1,3,1,0,2,1,0.5,0.66666666666666663,0.33333333333333331,1,1,0.5,1,1,1,1.3693815375027389,0.45874582417378468
arithmetic,Arithmetic,threshold_1_natural_vs_rest,Natural vs low/medium/high,lower-threshold sensitivity,8,14,1,56,4,9724,1038,0,0,4,1,3,0,1,0,3,0.75,0.5,1,0,0.75,0.8571428571428571,1,1,1,0.68723690173011742,0.21813821450914575
arithmetic,Arithmetic,threshold_1_natural_vs_rest,Natural vs low/medium/high,lower-threshold sensitivity,9,14,1,56,4,9683,1079,0,0,4,1,3,1,0,2,1,0.5,0.66666666666666663,0.33333333333333331,1,1,0.5,1,1,1,0.8209971452327659,0.3084535409701763
arithmetic,Arithmetic,threshold_1_natural_vs_rest,Natural vs low/medium/high,lower-threshold sensitivity,10,14,1,56,4,10224,538,0,0,4,1,3,1,0,3,0,0.25,0.5,0,1,,0,1,1,1,1.2102261267458119,0.48043158251953788
arithmetic,Arithmetic,threshold_1_natural_vs_rest,Natural vs low/medium/high,lower-threshold sensitivity,11,14,1,56,4,9990,772,0,0,4,1,3,0,1,0,3,0.75,0.5,1,0,0.75,0.8571428571428571,1,1,1,0.24390750926241828,0.096814576692001927
arithmetic,Arithmetic,threshold_1_natural_vs_rest,Natural vs low/medium/high,lower-threshold sensitivity,12,14,1,56,4,10107,655,0,0,4,1,3,0,1,0,3,0.75,0.5,1,0,0.75,0.8571428571428571,1,1,1,0.24004112020238794,0.095081649554597011
arithmetic,Arithmetic,threshold_1_natural_vs_rest,Natural vs low/medium/high,lower-threshold sensitivity,13,14,1,56,4,10092,670,0,0,4,1,3,1,0,1,2,0.75,0.83333333333333326,0.66666666666666663,1,1,0.80000000000000004,1,1,1,0.59089788720999625,0.21682953567756608
arithmetic,Arithmetic,threshold_1_natural_vs_rest,Natural vs low/medium/high,lower-threshold sensitivity,14,14,1,56,4,10168,594,0,0,4,1,3,1,0,3,0,0.25,0.5,0,1,,0,1,1,1,3.0131804534871787,0.65930402827517309
arithmetic,Arithmetic,threshold_1_natural_vs_rest,Natural vs low/medium/high,lower-threshold sensitivity,15,14,1,56,4,10035,727,0,0,4,1,3,0,1,0,3,0.75,0.5,1,0,0.75,0.8571428571428571,1,1,1,2.2812388613945376,0.24994554615437184
arithmetic,Arithmetic,primary_threshold_2,Natural/low vs medium/high,manuscript primary binary mapping,1,14,1,56,4,10066,696,0,0,4,2,2,1,1,0,2,0.75,0.75,1,0.5,0.66666666666666663,0.80000000000000004,1,1,1,0.49685689159474633,0.16105114449175281
arithmetic,Arithmetic,primary_threshold_2,Natural/low vs medium/high,manuscript primary binary mapping,2,14,1,56,4,9774,988,0,0,4,2,2,0,2,0,2,0.5,0.5,1,0,0.5,0.66666666666666663,0.5,0.41666666666666663,0.58333333333333326,2.2659452569872034,0.48790697260792315
arithmetic,Arithmetic,primary_threshold_2,Natural/low vs medium/high,manuscript primary binary mapping,3,14,1,56,4,10193,569,0,0,4,2,2,1,1,0,2,0.75,0.75,1,0.5,0.66666666666666663,0.80000000000000004,1,1,1,0.39476715392400602,0.14040008647508256
arithmetic,Arithmetic,primary_threshold_2,Natural/low vs medium/high,manuscript primary binary mapping,4,14,1,56,4,10096,666,0,0,4,2,2,0,2,0,2,0.5,0.5,1,0,0.5,0.66666666666666663,0.5,0.41666666666666663,0.58333333333333326,1.5959921219273703,0.43966140628168804
arithmetic,Arithmetic,primary_threshold_2,Natural/low vs medium/high,manuscript primary binary mapping,5,14,1,56,4,9935,827,0,0,4,2,2,2,0,2,0,0.5,0.5,0,1,,0,0.75,0.79166666666666663,0.83333333333333326,0.8528801803271453,0.30954476615409671
arithmetic,Arithmetic,primary_threshold_2,Natural/low vs medium/high,manuscript primary binary mapping,6,14,1,56,4,10172,590,0,0,4,2,2,2,0,2,0,0.5,0.5,0,1,,0,0.5,0.41666666666666663,0.58333333333333326,4.3123353826490671,0.4998106235020533
arithmetic,Arithmetic,primary_threshold_2,Natural/low vs medium/high,manuscript primary binary mapping,7,14,1,56,4,10409,353,0,0,4,2,2,2,0,2,0,0.5,0.5,0,1,,0,0.5,0.70833333333333326,0.75,1.4665081619365603,0.38669922581650429
arithmetic,Arithmetic,primary_threshold_2,Natural/low vs medium/high,manuscript primary binary mapping,8,14,1,56,4,9724,1038,0,0,4,2,2,0,2,0,2,0.5,0.5,1,0,0.5,0.66666666666666663,1,1,1,0.98926718798585622,0.36537352216445979
arithmetic,Arithmetic,primary_threshold_2,Natural/low vs medium/high,manuscript primary binary mapping,9,14,1,56,4,9683,1079,0,0,4,2,2,2,0,2,0,0.5,0.5,0,1,,0,0.75,0.79166666666666663,0.83333333333333326,1.1941311003217583,0.4007996407602985
arithmetic,Arithmetic,primary_threshold_2,Natural/low vs medium/high,manuscript primary binary mapping,10,14,1,56,4,10224,538,0,0,4,2,2,1,1,1,1,0.5,0.5,0.5,0.5,0.5,0.5,0.75,0.79166666666666663,0.83333333333333326,0.52503279654250834,0.1851344165701892
arithmetic,Arithmetic,primary_threshold_2,Natural/low vs medium/high,manuscript primary binary mapping,11,14,1,56,4,9990,772,0,0,4,2,2,1,1,0,2,0.75,0.75,1,0.5,0.66666666666666663,0.80000000000000004,1,1,1,0.55987921035294963,0.18720880532931244
arithmetic,Arithmetic,primary_threshold_2,Natural/low vs medium/high,manuscript primary binary mapping,12,14,1,56,4,10107,655,0,0,4,2,2,0,2,0,2,0.5,0.5,1,0,0.5,0.66666666666666663,0.75,0.79166666666666663,0.83333333333333326,0.87822114659401962,0.28971887482761893
arithmetic,Arithmetic,primary_threshold_2,Natural/low vs medium/high,manuscript primary binary mapping,13,14,1,56,4,10092,670,0,0,4,2,2,1,1,0,2,0.75,0.75,1,0.5,0.66666666666666663,0.80000000000000004,1,1,1,0.41285121138298897,0.14442951999090414
arithmetic,Arithmetic,primary_threshold_2,Natural/low vs medium/high,manuscript primary binary mapping,14,14,1,56,4,10168,594,0,0,4,2,2,1,1,0,2,0.75,0.75,1,0.5,0.66666666666666663,0.80000000000000004,0.5,0.41666666666666663,0.58333333333333326,0.83686761873364168,0.23186544242902909
arithmetic,Arithmetic,primary_threshold_2,Natural/low vs medium/high,manuscript primary binary mapping,15,14,1,56,4,10035,727,0,0,4,2,2,0,2,0,2,0.5,0.5,1,0,0.5,0.66666666666666663,0.75,0.79166666666666663,0.83333333333333326,2.2942443886315673,0.4467658188994349
arithmetic,Arithmetic,threshold_3_high_vs_rest,Natural/low/medium vs high,upper-threshold sensitivity,1,14,1,56,4,10066,696,0,0,4,3,1,1,2,0,1,0.5,0.66666666666666663,1,0.33333333333333331,0.33333333333333331,0.5,1,1,1,0.55092863635892142,0.18657740134360931
arithmetic,Arithmetic,threshold_3_high_vs_rest,Natural/low/medium vs high,upper-threshold sensitivity,2,14,1,56,4,9774,988,0,0,4,3,1,0,3,0,1,0.25,0.5,1,0,0.25,0.40000000000000002,1,1,1,1.0388212706538413,0.40765386183899543
arithmetic,Arithmetic,threshold_3_high_vs_rest,Natural/low/medium vs high,upper-threshold sensitivity,3,14,1,56,4,10193,569,0,0,4,3,1,2,1,1,0,0.5,0.33333333333333331,0,0.66666666666666663,0,0,0.66666666666666674,0.25,0.5,0.82999749056986694,0.30628581727684023
arithmetic,Arithmetic,threshold_3_high_vs_rest,Natural/low/medium vs high,upper-threshold sensitivity,4,14,1,56,4,10096,666,0,0,4,3,1,1,2,1,0,0.25,0.16666666666666666,0,0.33333333333333331,0,0,0.33333333333333337,0.16666666666666666,0.33333333333333331,2.2369302903902928,0.64728048946165506
arithmetic,Arithmetic,threshold_3_high_vs_rest,Natural/low/medium vs high,upper-threshold sensitivity,5,14,1,56,4,9935,827,0,0,4,3,1,3,0,0,1,1,1,1,1,1,1,1,1,1,0.35222417862546418,0.088790112529316456
arithmetic,Arithmetic,threshold_3_high_vs_rest,Natural/low/medium vs high,upper-threshold sensitivity,6,14,1,56,4,10172,590,0,0,4,3,1,3,0,1,0,0.75,0.5,0,1,,0,0.66666666666666674,0.25,0.5,2.1135020038451127,0.24989346893956604
arithmetic,Arithmetic,threshold_3_high_vs_rest,Natural/low/medium vs high,upper-threshold sensitivity,7,14,1,56,4,10409,353,0,0,4,3,1,1,2,0,1,0.5,0.66666666666666663,1,0.33333333333333331,0.33333333333333331,0.5,1,1,1,0.64271890553068334,0.24318619163222444
arithmetic,Arithmetic,threshold_3_high_vs_rest,Natural/low/medium vs high,upper-threshold sensitivity,8,14,1,56,4,9724,1038,0,0,4,3,1,0,3,0,1,0.25,0.5,1,0,0.25,0.40000000000000002,1,1,1,1.3773674822236723,0.52248453650243176
arithmetic,Arithmetic,threshold_3_high_vs_rest,Natural/low/medium vs high,upper-threshold sensitivity,9,14,1,56,4,9683,1079,0,0,4,3,1,3,0,1,0,0.75,0.5,0,1,,0,0.33333333333333337,0.16666666666666666,0.33333333333333331,0.90204836929077803,0.24023559590544608
arithmetic,Arithmetic,threshold_3_high_vs_rest,Natural/low/medium vs high,upper-threshold sensitivity,10,14,1,56,4,10224,538,0,0,4,3,1,1,2,0,1,0.5,0.66666666666666663,1,0.33333333333333331,0.33333333333333331,0.5,0.33333333333333337,0.16666666666666666,0.33333333333333331,0.96575386683965214,0.35469490064842574
arithmetic,Arithmetic,threshold_3_high_vs_rest,Natural/low/medium vs high,upper-threshold sensitivity,11,14,1,56,4,9990,772,0,0,4,3,1,0,3,0,1,0.25,0.5,1,0,0.25,0.40000000000000002,0.33333333333333337,0.16666666666666666,0.33333333333333331,1.5257495990681265,0.5052382064115466
arithmetic,Arithmetic,threshold_3_high_vs_rest,Natural/low/medium vs high,upper-threshold sensitivity,12,14,1,56,4,10107,655,0,0,4,3,1,2,1,0,1,0.75,0.83333333333333326,1,0.66666666666666663,0.5,0.66666666666666663,0.66666666666666674,0.25,0.5,0.49404921848666089,0.17057539757994791
arithmetic,Arithmetic,threshold_3_high_vs_rest,Natural/low/medium vs high,upper-threshold sensitivity,13,14,1,56,4,10092,670,0,0,4,3,1,3,0,1,0,0.75,0.5,0,1,,0,0.33333333333333337,0.16666666666666666,0.33333333333333331,0.5960861301874677,0.21994437504055825
arithmetic,Arithmetic,threshold_3_high_vs_rest,Natural/low/medium vs high,upper-threshold sensitivity,14,14,1,56,4,10168,594,0,0,4,3,1,1,2,1,0,0.25,0.16666666666666666,0,0.33333333333333331,0,0,0.33333333333333337,0.16666666666666666,0.33333333333333331,0.71198817822221039,0.27263972441813689
arithmetic,Arithmetic,threshold_3_high_vs_rest,Natural/low/medium vs high,upper-threshold sensitivity,15,14,1,56,4,10035,727,0,0,4,3,1,0,3,0,1,0.25,0.5,1,0,0.25,0.40000000000000002,1,1,1,3.8570738250221708,0.71867956035847191
arithmetic,Arithmetic,extremes_natural_vs_high,Natural vs high only,extreme-level sensitivity with intermediate levels excluded,1,14,1,28,2,6133,375,0,0,2,1,1,0,1,0,1,0.5,0.5,1,0,0.5,0.66666666666666663,1,1,1,1.4925640673837737,0.44963579061319209
arithmetic,Arithmetic,extremes_natural_vs_high,Natural vs high only,extreme-level sensitivity with intermediate levels excluded,2,14,1,28,2,5788,720,0,0,2,1,1,0,1,0,1,0.5,0.5,1,0,0.5,0.66666666666666663,1,1,1,2.3595053903899705,0.49111088159254407
arithmetic,Arithmetic,extremes_natural_vs_high,Natural vs high only,extreme-level sensitivity with intermediate levels excluded,3,14,1,28,2,6167,341,0,0,2,1,1,1,0,0,1,1,1,1,1,1,1,1,1,1,0.0063746322672166063,6.6624802046796725e-05
arithmetic,Arithmetic,extremes_natural_vs_high,Natural vs high only,extreme-level sensitivity with intermediate levels excluded,4,14,1,28,2,6171,337,0,0,2,1,1,0,1,0,1,0.5,0.5,1,0,0.5,0.66666666666666663,0,0.25,0.5,7.0357351756108724,0.50000111942823777
arithmetic,Arithmetic,extremes_natural_vs_high,Natural vs high only,extreme-level sensitivity with intermediate levels excluded,5,14,1,28,2,6032,476,0,0,2,1,1,1,0,0,1,1,1,1,1,1,1,1,1,1,0.28508440456385886,0.094374395782376372
arithmetic,Arithmetic,extremes_natural_vs_high,Natural vs high only,extreme-level sensitivity with intermediate levels excluded,6,14,1,28,2,6167,341,0,0,2,1,1,1,0,1,0,0.5,0.5,0,1,,0,1,1,1,3.01528938359264,0.49759872326357046
arithmetic,Arithmetic,extremes_natural_vs_high,Natural vs high only,extreme-level sensitivity with intermediate levels excluded,7,14,1,28,2,6237,271,0,0,2,1,1,1,0,0,1,1,1,1,1,1,1,1,1,1,0.29795523922558842,0.09957493137187344
arithmetic,Arithmetic,extremes_natural_vs_high,Natural vs high only,extreme-level sensitivity with intermediate levels excluded,8,14,1,28,2,6007,501,0,0,2,1,1,0,1,0,1,0.5,0.5,1,0,0.5,0.66666666666666663,1,1,1,0.85104155527734948,0.33333525074565379
arithmetic,Arithmetic,extremes_natural_vs_high,Natural vs high only,extreme-level sensitivity with intermediate levels excluded,9,14,1,28,2,5672,836,0,0,2,1,1,1,0,1,0,0.5,0.5,0,1,,0,1,1,1,0.9800289928208693,0.36906914060715923
arithmetic,Arithmetic,extremes_natural_vs_high,Natural vs high only,extreme-level sensitivity with intermediate levels excluded,10,14,1,28,2,6178,330,0,0,2,1,1,1,0,1,0,0.5,0.5,0,1,,0,1,1,1,0.53777253314771656,0.2125287073697659
arithmetic,Arithmetic,extremes_natural_vs_high,Natural vs high only,extreme-level sensitivity with intermediate levels excluded,11,14,1,28,2,6053,455,0,0,2,1,1,0,1,0,1,0.5,0.5,1,0,0.5,0.66666666666666663,1,1,1,0.76072395783371305,0.30537910473938334
arithmetic,Arithmetic,extremes_natural_vs_high,Natural vs high only,extreme-level sensitivity with intermediate levels excluded,12,14,1,28,2,6104,404,0,0,2,1,1,1,0,0,1,1,1,1,1,1,1,1,1,1,0.21371152809965283,0.060367635486299649
arithmetic,Arithmetic,extremes_natural_vs_high,Natural vs high only,extreme-level sensitivity with intermediate levels excluded,13,14,1,28,2,6125,383,0,0,2,1,1,1,0,1,0,0.5,0.5,0,1,,0,1,1,1,0.5016673325632357,0.20009950350758243
arithmetic,Arithmetic,extremes_natural_vs_high,Natural vs high only,extreme-level sensitivity with intermediate levels excluded,14,14,1,28,2,6183,325,0,0,2,1,1,1,0,1,0,0.5,0.5,0,1,,0,1,1,1,0.61711560892861073,0.25129877629542435
arithmetic,Arithmetic,extremes_natural_vs_high,Natural vs high only,extreme-level sensitivity with intermediate levels excluded,15,14,1,28,2,6095,413,0,0,2,1,1,0,1,0,1,0.5,0.5,1,0,0.5,0.66666666666666663,1,1,1,4.7839663804356993,0.49993006663716349
stroop,Stroop,threshold_1_natural_vs_rest,Natural vs low/medium/high,lower-threshold sensitivity,1,12,1,48,4,7710,653,0,0,4,1,3,0,1,0,3,0.75,0.5,1,0,0.75,0.8571428571428571,0,0.51388888888888884,0.63888888888888884,1.1912916916345935,0.26792261313035032
stroop,Stroop,threshold_1_natural_vs_rest,Natural vs low/medium/high,lower-threshold sensitivity,2,12,1,48,4,7504,859,0,0,4,1,3,0,1,0,3,0.75,0.5,1,0,0.75,0.8571428571428571,0,0.51388888888888884,0.63888888888888884,2.8234256506579358,0.24999377468206457
stroop,Stroop,threshold_1_natural_vs_rest,Natural vs low/medium/high,lower-threshold sensitivity,3,12,1,48,4,7793,570,0,0,4,1,3,1,0,0,3,1,1,1,1,1,1,1,1,1,0.075419406778690509,0.012454925896579535
stroop,Stroop,threshold_1_natural_vs_rest,Natural vs low/medium/high,lower-threshold sensitivity,4,12,1,48,4,7904,459,0,0,4,1,3,0,1,1,2,0.5,0.33333333333333331,0.66666666666666663,0,0.66666666666666663,0.66666666666666663,0,0.51388888888888884,0.63888888888888884,4.3501479434613062,0.41488600619190197
stroop,Stroop,threshold_1_natural_vs_rest,Natural vs low/medium/high,lower-threshold sensitivity,5,12,1,48,4,7703,660,0,0,4,1,3,1,0,0,3,1,1,1,1,1,1,1,1,1,0.0056175455888958972,0.00011055076015849858
stroop,Stroop,threshold_1_natural_vs_rest,Natural vs low/medium/high,lower-threshold sensitivity,6,12,1,48,4,7822,541,0,0,4,1,3,0,1,0,3,0.75,0.5,1,0,0.75,0.8571428571428571,1,1,1,1.7075304440843087,0.24945982919455878
stroop,Stroop,threshold_1_natural_vs_rest,Natural vs low/medium/high,lower-threshold sensitivity,7,12,1,48,4,7822,541,0,0,4,1,3,1,0,3,0,0.25,0.5,0,1,,0,0,0.51388888888888884,0.63888888888888884,9.2947106957689591,0.75087418703474962
stroop,Stroop,threshold_1_natural_vs_rest,Natural vs low/medium/high,lower-threshold sensitivity,8,12,1,48,4,7617,746,0,0,4,1,3,0,1,0,3,0.75,0.5,1,0,0.75,0.8571428571428571,1,1,1,0.26920143366813981,0.094239183734806289
stroop,Stroop,threshold_1_natural_vs_rest,Natural vs low/medium/high,lower-threshold sensitivity,9,12,1,48,4,7490,873,0,0,4,1,3,1,0,2,1,0.5,0.66666666666666663,0.33333333333333331,1,1,0.5,1,1,1,1.2046414688633842,0.42385248700531875
stroop,Stroop,threshold_1_natural_vs_rest,Natural vs low/medium/high,lower-threshold sensitivity,10,12,1,48,4,7770,593,0,0,4,1,3,1,0,3,0,0.25,0.5,0,1,,0,0.66666666666666663,0.90277777777777768,0.91666666666666652,5.8010517505950467,0.74627885283142426
stroop,Stroop,threshold_1_natural_vs_rest,Natural vs low/medium/high,lower-threshold sensitivity,11,12,1,48,4,7691,672,0,0,4,1,3,1,0,0,3,1,1,1,1,1,1,1,1,1,0.0037623905718746661,2.5994716059603598e-05
stroop,Stroop,threshold_1_natural_vs_rest,Natural vs low/medium/high,lower-threshold sensitivity,12,12,1,48,4,7740,623,0,0,4,1,3,0,1,0,3,0.75,0.5,1,0,0.75,0.8571428571428571,1,1,1,0.40190366887854756,0.15977249621343531
stroop,Stroop,threshold_1_natural_vs_rest,Natural vs low/medium/high,lower-threshold sensitivity,13,12,1,48,4,7790,573,0,0,4,1,3,1,0,1,2,0.75,0.83333333333333326,0.66666666666666663,1,1,0.80000000000000004,1,1,1,0.30682300881530977,0.096621035557500748
stroop,Stroop,primary_threshold_2,Natural/low vs medium/high,manuscript primary binary mapping,1,12,1,48,4,7710,653,0,0,4,2,2,2,0,2,0,0.5,0.5,0,1,,0,0.25,0.33333333333333331,0.5,1.4920088970781062,0.48053482201495179
stroop,Stroop,primary_threshold_2,Natural/low vs medium/high,manuscript primary binary mapping,2,12,1,48,4,7504,859,0,0,4,2,2,0,2,0,2,0.5,0.5,1,0,0.5,0.66666666666666663,0.5,0.70833333333333326,0.75,1.1662319590071062,0.40645855962998939
stroop,Stroop,primary_threshold_2,Natural/low vs medium/high,manuscript primary binary mapping,3,12,1,48,4,7793,570,0,0,4,2,2,1,1,0,2,0.75,0.75,1,0.5,0.66666666666666663,0.80000000000000004,1,1,1,0.26549092727047213,0.090599657020943844
stroop,Stroop,primary_threshold_2,Natural/low vs medium/high,manuscript primary binary mapping,4,12,1,48,4,7904,459,0,0,4,2,2,2,0,2,0,0.5,0.5,0,1,,0,0.75,0.79166666666666663,0.83333333333333326,1.1392203623882353,0.34537173510906033
stroop,Stroop,primary_threshold_2,Natural/low vs medium/high,manuscript primary binary mapping,5,12,1,48,4,7703,660,0,0,4,2,2,1,1,0,2,0.75,0.75,1,0.5,0.66666666666666663,0.80000000000000004,1,1,1,0.4560185751389742,0.17167270532105924
stroop,Stroop,primary_threshold_2,Natural/low vs medium/high,manuscript primary binary mapping,6,12,1,48,4,7822,541,0,0,4,2,2,0,2,0,2,0.5,0.5,1,0,0.5,0.66666666666666663,0.5,0.70833333333333326,0.75,1.9661086293837962,0.48122350881815301
stroop,Stroop,primary_threshold_2,Natural/low vs medium/high,manuscript primary binary mapping,7,12,1,48,4,7822,541,0,0,4,2,2,1,1,2,0,0.25,0.25,0,0.5,0,0,0.5,0.41666666666666663,0.58333333333333326,2.3461042240762024,0.61928094487883412
stroop,Stroop,primary_threshold_2,Natural/low vs medium/high,manuscript primary binary mapping,8,12,1,48,4,7617,746,0,0,4,2,2,2,0,1,1,0.75,0.75,0.5,1,1,0.66666666666666663,0.75,0.79166666666666663,0.83333333333333326,0.5645463958316651,0.19338039567009163
stroop,Stroop,primary_threshold_2,Natural/low vs medium/high,manuscript primary binary mapping,9,12,1,48,4,7490,873,0,0,4,2,2,2,0,0,2,1,1,1,1,1,1,1,1,1,0.32245068149866485,0.082398044563865389
stroop,Stroop,primary_threshold_2,Natural/low vs medium/high,manuscript primary binary mapping,10,12,1,48,4,7770,593,0,0,4,2,2,2,0,2,0,0.5,0.5,0,1,,0,0.25,0.33333333333333331,0.5,4.6773053624906922,0.49953924645966685
stroop,Stroop,primary_threshold_2,Natural/low vs medium/high,manuscript primary binary mapping,11,12,1,48,4,7691,672,0,0,4,2,2,1,1,0,2,0.75,0.75,1,0.5,0.66666666666666663,0.80000000000000004,0.75,0.79166666666666663,0.83333333333333326,0.4692070812405677,0.16327834893706575
stroop,Stroop,primary_threshold_2,Natural/low vs medium/high,manuscript primary binary mapping,12,12,1,48,4,7740,623,0,0,4,2,2,0,2,0,2,0.5,0.5,1,0,0.5,0.66666666666666663,0.75,0.79166666666666663,0.83333333333333326,0.8373751039931796,0.304979617136236
stroop,Stroop,primary_threshold_2,Natural/low vs medium/high,manuscript primary binary mapping,13,12,1,48,4,7790,573,0,0,4,2,2,2,0,2,0,0.5,0.5,0,1,,0,0.75,0.79166666666666663,0.83333333333333326,0.77560590886624337,0.29961674926428977
stroop,Stroop,threshold_3_high_vs_rest,Natural/low/medium vs high,upper-threshold sensitivity,1,12,1,48,4,7710,653,0,0,4,3,1,3,0,1,0,0.75,0.5,0,1,,0,0.66666666666666674,0.25,0.5,0.6400991002002232,0.21133202714798427
stroop,Stroop,threshold_3_high_vs_rest,Natural/low/medium vs high,upper-threshold sensitivity,2,12,1,48,4,7504,859,0,0,4,3,1,2,1,1,0,0.5,0.33333333333333331,0,0.66666666666666663,0,0,0.66666666666666674,0.25,0.5,0.55246525872902397,0.1876041098544064
stroop,Stroop,threshold_3_high_vs_rest,Natural/low/medium vs high,upper-threshold sensitivity,3,12,1,48,4,7793,570,0,0,4,3,1,2,1,0,1,0.75,0.83333333333333326,1,0.66666666666666663,0.5,0.66666666666666663,1,1,1,0.37641532984500115,0.12196777991598989
stroop,Stroop,threshold_3_high_vs_rest,Natural/low/medium vs high,upper-threshold sensitivity,4,12,1,48,4,7904,459,0,0,4,3,1,1,2,0,1,0.5,0.66666666666666663,1,0.33333333333333331,0.33333333333333331,0.5,1,1,1,2.2788102470726623,0.4952709202010801
stroop,Stroop,threshold_3_high_vs_rest,Natural/low/medium vs high,upper-threshold sensitivity,5,12,1,48,4,7703,660,0,0,4,3,1,1,2,0,1,0.5,0.66666666666666663,1,0.33333333333333331,0.33333333333333331,0.5,1,1,1,1.2202994327170069,0.37313208106145712
stroop,Stroop,threshold_3_high_vs_rest,Natural/low/medium vs high,upper-threshold sensitivity,6,12,1,48,4,7822,541,0,0,4,3,1,1,2,1,0,0.25,0.16666666666666666,0,0.33333333333333331,0,0,0.33333333333333337,0.16666666666666666,0.33333333333333331,7.1140320477153898,0.52032846865099469
stroop,Stroop,threshold_3_high_vs_rest,Natural/low/medium vs high,upper-threshold sensitivity,7,12,1,48,4,7822,541,0,0,4,3,1,3,0,1,0,0.75,0.5,0,1,,0,0,0.125,0.25,1.4830812533969617,0.28458280334345176
stroop,Stroop,threshold_3_high_vs_rest,Natural/low/medium vs high,upper-threshold sensitivity,8,12,1,48,4,7617,746,0,0,4,3,1,3,0,1,0,0.75,0.5,0,1,,0,1,1,1,0.3750435464189481,0.12749657815696844
stroop,Stroop,threshold_3_high_vs_rest,Natural/low/medium vs high,upper-threshold sensitivity,9,12,1,48,4,7490,873,0,0,4,3,1,1,2,0,1,0.5,0.66666666666666663,1,0.33333333333333331,0.33333333333333331,0.5,0.66666666666666674,0.25,0.5,0.81095456875626104,0.30436188108708379
stroop,Stroop,threshold_3_high_vs_rest,Natural/low/medium vs high,upper-threshold sensitivity,10,12,1,48,4,7770,593,0,0,4,3,1,3,0,1,0,0.75,0.5,0,1,,0,0.33333333333333337,0.16666666666666666,0.33333333333333331,0.95802912730795364,0.2406031269985342
stroop,Stroop,threshold_3_high_vs_rest,Natural/low/medium vs high,upper-threshold sensitivity,11,12,1,48,4,7691,672,0,0,4,3,1,3,0,1,0,0.75,0.5,0,1,,0,1,1,1,0.46336442871290573,0.15897157806160978
stroop,Stroop,threshold_3_high_vs_rest,Natural/low/medium vs high,upper-threshold sensitivity,12,12,1,48,4,7740,623,0,0,4,3,1,1,2,0,1,0.5,0.66666666666666663,1,0.33333333333333331,0.33333333333333331,0.5,0.66666666666666674,0.25,0.5,0.92877401746606691,0.34460437026869545
stroop,Stroop,threshold_3_high_vs_rest,Natural/low/medium vs high,upper-threshold sensitivity,13,12,1,48,4,7790,573,0,0,4,3,1,3,0,1,0,0.75,0.5,0,1,,0,0.33333333333333337,0.16666666666666666,0.33333333333333331,1.0951863391646195,0.24403905540546275
stroop,Stroop,extremes_natural_vs_high,Natural vs high only,extreme-level sensitivity with intermediate levels excluded,1,12,1,24,2,4963,366,0,0,2,1,1,0,1,1,0,0,0,0,0,0,0,0,0.25,0.5,1.5783994889190316,0.62916951130948306
stroop,Stroop,extremes_natural_vs_high,Natural vs high only,extreme-level sensitivity with intermediate levels excluded,2,12,1,24,2,4671,658,0,0,2,1,1,0,1,0,1,0.5,0.5,1,0,0.5,0.66666666666666663,0,0.25,0.5,3.2788847825784506,0.49858216534172706
stroop,Stroop,extremes_natural_vs_high,Natural vs high only,extreme-level sensitivity with intermediate levels excluded,3,12,1,24,2,4988,341,0,0,2,1,1,1,0,0,1,1,1,1,1,1,1,1,1,1,0.029422433315906396,0.0016214240568759287
stroop,Stroop,extremes_natural_vs_high,Natural vs high only,extreme-level sensitivity with intermediate levels excluded,4,12,1,24,2,5021,308,0,0,2,1,1,0,1,0,1,0.5,0.5,1,0,0.5,0.66666666666666663,0,0.25,0.5,9.0994190546740832,0.50004920914972228
stroop,Stroop,extremes_natural_vs_high,Natural vs high only,extreme-level sensitivity with intermediate levels excluded,5,12,1,24,2,4914,415,0,0,2,1,1,1,0,0,1,1,1,1,1,1,1,1,1,1,0.0012048408030862798,1.9050082084982861e-06
stroop,Stroop,extremes_natural_vs_high,Natural vs high only,extreme-level sensitivity with intermediate levels excluded,6,12,1,24,2,5018,311,0,0,2,1,1,0,1,0,1,0.5,0.5,1,0,0.5,0.66666666666666663,1,1,1,1.4126058011023226,0.44114166412743272
stroop,Stroop,extremes_natural_vs_high,Natural vs high only,extreme-level sensitivity with intermediate levels excluded,7,12,1,24,2,4981,348,0,0,2,1,1,1,0,1,0,0.5,0.5,0,1,,0,0,0.25,0.5,6.6751353737837631,0.50041366887868977
stroop,Stroop,extremes_natural_vs_high,Natural vs high only,extreme-level sensitivity with intermediate levels excluded,8,12,1,24,2,4905,424,0,0,2,1,1,1,0,0,1,1,1,1,1,1,1,1,1,1,0.21644231240545014,0.042779466192714395
stroop,Stroop,extremes_natural_vs_high,Natural vs high only,extreme-level sensitivity with intermediate levels excluded,9,12,1,24,2,4726,603,0,0,2,1,1,1,0,1,0,0.5,0.5,0,1,,0,1,1,1,0.85629796871414088,0.33560265981262211
stroop,Stroop,extremes_natural_vs_high,Natural vs high only,extreme-level sensitivity with intermediate levels excluded,10,12,1,24,2,4937,392,0,0,2,1,1,1,0,1,0,0.5,0.5,0,1,,0,0,0.25,0.5,5.516900069920756,0.49998385347805974
stroop,Stroop,extremes_natural_vs_high,Natural vs high only,extreme-level sensitivity with intermediate levels excluded,11,12,1,24,2,4900,429,0,0,2,1,1,1,0,0,1,1,1,1,1,1,1,1,1,1,0.007345040477713039,0.00010231201139533091
stroop,Stroop,extremes_natural_vs_high,Natural vs high only,extreme-level sensitivity with intermediate levels excluded,12,12,1,24,2,4955,374,0,0,2,1,1,0,1,0,1,0.5,0.5,1,0,0.5,0.66666666666666663,1,1,1,1.7095288177016958,0.46778611511500656
stroop,Stroop,extremes_natural_vs_high,Natural vs high only,extreme-level sensitivity with intermediate levels excluded,13,12,1,24,2,4969,360,0,0,2,1,1,1,0,1,0,0.5,0.5,0,1,,0,1,1,1,2.6590360682321594,0.49510937867459981
