task,strategy,strategy_display,held_out_subject,recording_accuracy_mean,recording_accuracy_std,recording_accuracy_min,recording_accuracy_max,recording_balanced_accuracy_mean,recording_balanced_accuracy_std,recording_balanced_accuracy_min,recording_balanced_accuracy_max,recording_sensitivity_mean,recording_sensitivity_std,recording_sensitivity_min,recording_sensitivity_max,recording_specificity_mean,recording_specificity_std,recording_specificity_min,recording_specificity_max,recording_f1_mean,recording_f1_std,recording_f1_min,recording_f1_max,recording_auroc_mean,recording_auroc_std,recording_auroc_min,recording_auroc_max,recording_log_loss_mean,recording_log_loss_std,recording_log_loss_min,recording_log_loss_max,recording_brier_score_mean,recording_brier_score_std,recording_brier_score_min,recording_brier_score_max,window_accuracy_mean,window_accuracy_std,window_accuracy_min,window_accuracy_max,window_balanced_accuracy_mean,window_balanced_accuracy_std,window_balanced_accuracy_min,window_balanced_accuracy_max,window_log_loss_mean,window_log_loss_std,window_log_loss_min,window_log_loss_max,recording_overlap_rate_mean,recording_overlap_rate_std,recording_overlap_rate_min,recording_overlap_rate_max,participant_overlap_rate_mean,participant_overlap_rate_std,participant_overlap_rate_min,participant_overlap_rate_max,validation_windows_with_raw_overlap_fraction_mean,validation_windows_with_raw_overlap_fraction_std,validation_windows_with_raw_overlap_fraction_min,validation_windows_with_raw_overlap_fraction_max,mean_nearest_train_raw_overlap_fraction_mean,mean_nearest_train_raw_overlap_fraction_std,mean_nearest_train_raw_overlap_fraction_min,mean_nearest_train_raw_overlap_fraction_max,n_evaluations
arithmetic,participant_disjoint,Participant-disjoint split,1,0.75,,0.75,0.75,0.75,,0.75,0.75,1,,1,1,0.5,,0.5,0.5,0.80000000000000004,,0.80000000000000004,0.80000000000000004,1,,1,1,0.49685689159474633,,0.49685689159474633,0.49685689159474633,0.16105114449175281,,0.16105114449175281,0.16105114449175281,0.53304597701149425,,0.53304597701149425,0.53304597701149425,0.52433456260505262,,0.52433456260505262,0.52433456260505262,1.0327242958067693,,1.0327242958067693,1.0327242958067693,0,,0,0,0,,0,0,0,,0,0,0,,0,0,1
arithmetic,participant_disjoint,Participant-disjoint split,2,0.5,,0.5,0.5,0.5,,0.5,0.5,1,,1,1,0,,0,0,0.66666666666666663,,0.66666666666666663,0.66666666666666663,0.5,,0.5,0.5,2.2659452569872034,,2.2659452569872034,2.2659452569872034,0.48790697260792315,,0.48790697260792315,0.48790697260792315,0.42813765182186236,,0.42813765182186236,0.42813765182186236,0.5138599698677907,,0.5138599698677907,0.5138599698677907,2.8922240181514458,,2.8922240181514458,2.8922240181514458,0,,0,0,0,,0,0,0,,0,0,0,,0,0,1
arithmetic,participant_disjoint,Participant-disjoint split,3,0.75,,0.75,0.75,0.75,,0.75,0.75,1,,1,1,0.5,,0.5,0.5,0.80000000000000004,,0.80000000000000004,0.80000000000000004,1,,1,1,0.39476715392400602,,0.39476715392400602,0.39476715392400602,0.14040008647508256,,0.14040008647508256,0.14040008647508256,0.81546572934973638,,0.81546572934973638,0.81546572934973638,0.81100836799366216,,0.81100836799366216,0.81100836799366216,0.42595031634508185,,0.42595031634508185,0.42595031634508185,0,,0,0,0,,0,0,0,,0,0,0,,0,0,1
arithmetic,participant_disjoint,Participant-disjoint split,4,0.5,,0.5,0.5,0.5,,0.5,0.5,1,,1,1,0,,0,0,0.66666666666666663,,0.66666666666666663,0.66666666666666663,0.5,,0.5,0.5,1.5959921219273703,,1.5959921219273703,1.5959921219273703,0.43966140628168804,,0.43966140628168804,0.43966140628168804,0.71321321321321318,,0.71321321321321318,0.71321321321321318,0.60909808954929157,,0.60909808954929157,0.60909808954929157,3.2201664176216154,,3.2201664176216154,3.2201664176216154,0,,0,0,0,,0,0,0,,0,0,0,,0,0,1
arithmetic,participant_disjoint,Participant-disjoint split,5,0.5,,0.5,0.5,0.5,,0.5,0.5,0,,0,0,1,,1,1,0,,0,0,0.75,,0.75,0.75,0.8528801803271453,,0.8528801803271453,0.8528801803271453,0.30954476615409671,,0.30954476615409671,0.30954476615409671,0.55501813784764209,,0.55501813784764209,0.55501813784764209,0.56803350711733347,,0.56803350711733347,0.56803350711733347,1.2539096833484664,,1.2539096833484664,1.2539096833484664,0,,0,0,0,,0,0,0,,0,0,0,,0,0,1
arithmetic,participant_disjoint,Participant-disjoint split,6,0.5,,0.5,0.5,0.5,,0.5,0.5,0,,0,0,1,,1,1,0,,0,0,0.5,,0.5,0.5,4.3123353826490671,,4.3123353826490671,4.3123353826490671,0.4998106235020533,,0.4998106235020533,0.4998106235020533,0.45932203389830506,,0.45932203389830506,0.45932203389830506,0.50311526479750779,,0.50311526479750779,0.50311526479750779,4.6671336731599382,,4.6671336731599382,4.6671336731599382,0,,0,0,0,,0,0,0,,0,0,0,,0,0,1
arithmetic,participant_disjoint,Participant-disjoint split,7,0.5,,0.5,0.5,0.5,,0.5,0.5,0,,0,0,1,,1,1,0,,0,0,0.5,,0.5,0.5,1.4665081619365603,,1.4665081619365603,1.4665081619365603,0.38669922581650429,,0.38669922581650429,0.38669922581650429,0.56940509915014159,,0.56940509915014159,0.56940509915014159,0.51372775214238631,,0.51372775214238631,0.51372775214238631,1.196116543464576,,1.196116543464576,1.196116543464576,0,,0,0,0,,0,0,0,,0,0,0,,0,0,1
arithmetic,participant_disjoint,Participant-disjoint split,8,0.5,,0.5,0.5,0.5,,0.5,0.5,1,,1,1,0,,0,0,0.66666666666666663,,0.66666666666666663,0.66666666666666663,1,,1,1,0.98926718798585622,,0.98926718798585622,0.98926718798585622,0.36537352216445979,,0.36537352216445979,0.36537352216445979,0.5684007707129094,,0.5684007707129094,0.5684007707129094,0.52385290148448049,,0.52385290148448049,0.52385290148448049,0.97827233500788113,,0.97827233500788113,0.97827233500788113,0,,0,0,0,,0,0,0,,0,0,0,,0,0,1
arithmetic,participant_disjoint,Participant-disjoint split,9,0.5,,0.5,0.5,0.5,,0.5,0.5,0,,0,0,1,,1,1,0,,0,0,0.75,,0.75,0.75,1.1941311003217583,,1.1941311003217583,1.1941311003217583,0.4007996407602985,,0.4007996407602985,0.4007996407602985,0.45412418906394808,,0.45412418906394808,0.45412418906394808,0.46004989896490572,,0.46004989896490572,0.46004989896490572,1.5963408265836003,,1.5963408265836003,1.5963408265836003,0,,0,0,0,,0,0,0,,0,0,0,,0,0,1
arithmetic,participant_disjoint,Participant-disjoint split,10,0.5,,0.5,0.5,0.5,,0.5,0.5,0.5,,0.5,0.5,0.5,,0.5,0.5,0.5,,0.5,0.5,0.75,,0.75,0.75,0.52503279654250834,,0.52503279654250834,0.52503279654250834,0.1851344165701892,,0.1851344165701892,0.1851344165701892,0.6598513011152416,,0.6598513011152416,0.6598513011152416,0.65792680393813097,,0.65792680393813097,0.65792680393813097,0.91523220310027353,,0.91523220310027353,0.91523220310027353,0,,0,0,0,,0,0,0,,0,0,0,,0,0,1
arithmetic,participant_disjoint,Participant-disjoint split,11,0.75,,0.75,0.75,0.75,,0.75,0.75,1,,1,1,0.5,,0.5,0.5,0.80000000000000004,,0.80000000000000004,0.80000000000000004,1,,1,1,0.55987921035294963,,0.55987921035294963,0.55987921035294963,0.18720880532931244,,0.18720880532931244,0.18720880532931244,0.68652849740932642,,0.68652849740932642,0.68652849740932642,0.6947328105787256,,0.6947328105787256,0.6947328105787256,0.7223817231561348,,0.7223817231561348,0.7223817231561348,0,,0,0,0,,0,0,0,,0,0,0,,0,0,1
arithmetic,participant_disjoint,Participant-disjoint split,12,0.5,,0.5,0.5,0.5,,0.5,0.5,1,,1,1,0,,0,0,0.66666666666666663,,0.66666666666666663,0.66666666666666663,0.75,,0.75,0.75,0.87822114659401962,,0.87822114659401962,0.87822114659401962,0.28971887482761893,,0.28971887482761893,0.28971887482761893,0.64122137404580148,,0.64122137404580148,0.64122137404580148,0.61336505433864519,,0.61336505433864519,0.61336505433864519,0.92090859319235618,,0.92090859319235618,0.92090859319235618,0,,0,0,0,,0,0,0,,0,0,0,,0,0,1
arithmetic,participant_disjoint,Participant-disjoint split,13,0.75,,0.75,0.75,0.75,,0.75,0.75,1,,1,1,0.5,,0.5,0.5,0.80000000000000004,,0.80000000000000004,0.80000000000000004,1,,1,1,0.41285121138298897,,0.41285121138298897,0.41285121138298897,0.14442951999090414,,0.14442951999090414,0.14442951999090414,0.72537313432835826,,0.72537313432835826,0.72537313432835826,0.72101449275362328,,0.72101449275362328,0.72101449275362328,0.62248059703194858,,0.62248059703194858,0.62248059703194858,0,,0,0,0,,0,0,0,,0,0,0,,0,0,1
arithmetic,participant_disjoint,Participant-disjoint split,14,0.75,,0.75,0.75,0.75,,0.75,0.75,1,,1,1,0.5,,0.5,0.5,0.80000000000000004,,0.80000000000000004,0.80000000000000004,0.5,,0.5,0.5,0.83686761873364168,,0.83686761873364168,0.83686761873364168,0.23186544242902909,,0.23186544242902909,0.23186544242902909,0.79461279461279466,,0.79461279461279466,0.79461279461279466,0.77675722047469264,,0.77675722047469264,0.77675722047469264,0.72551892947466179,,0.72551892947466179,0.72551892947466179,0,,0,0,0,,0,0,0,,0,0,0,,0,0,1
arithmetic,participant_disjoint,Participant-disjoint split,15,0.5,,0.5,0.5,0.5,,0.5,0.5,1,,1,1,0,,0,0,0.66666666666666663,,0.66666666666666663,0.66666666666666663,0.75,,0.75,0.75,2.2942443886315673,,2.2942443886315673,2.2942443886315673,0.4467658188994349,,0.4467658188994349,0.4467658188994349,0.54883081155433289,,0.54883081155433289,0.54883081155433289,0.53063552705386519,,0.53063552705386519,0.53063552705386519,2.3724425789904577,,2.3724425789904577,2.3724425789904577,0,,0,0,0,,0,0,0,,0,0,0,,0,0,1
arithmetic,random_window,Random-window split,1,1,0,1,1,1,0,1,1,1,0,1,1,1,0,1,1,1,0,1,1,1,0,1,1,0.017180095008582148,0.0076544859992936183,0.0093346367148578954,0.031663247449977283,0.00066076862576841316,0.00057970486591564757,0.00016310055398324359,0.0019156549228912145,0.98333333333333339,0.016070203755013172,0.95238095238095233,1,0.98395629672225415,0.015216505137940784,0.95457159286946525,1,0.079033202969218619,0.031880349995279465,0.042580828840535476,0.13564637837564536,1,0,1,1,1,0,1,1,1,0,1,1,0.94005602240896347,0.00094530610323607163,0.93837535014005591,0.94117647058823517,10
arithmetic,random_window,Random-window split,2,1,0,1,1,1,0,1,1,1,0,1,1,1,0,1,1,1,0,1,1,1,0,1,1,0.016926633640264713,0.0081148382502688743,0.0074642106140820176,0.034011105716964085,0.00080596608268551835,0.00075969758925916082,0.00011256071157772867,0.0021881072670359505,0.99831932773109244,0.0035431682466872511,0.99159663865546221,1,0.9982653061224489,0.003727555970829249,0.98979591836734693,1,0.035306618225153609,0.037547473756794209,0.011653285911762994,0.11432182166001266,1,0,1,1,1,0,1,1,1,0,1,1,0.94023727137913993,0.00049156150569048141,0.93919920909540278,0.94068215521502718,10
arithmetic,random_window,Random-window split,3,1,0,1,1,1,0,1,1,1,0,1,1,1,0,1,1,1,0,1,1,1,0,1,1,0.0081916426563485821,0.0052051918087061937,0.0031660034018001944,0.019238418614124925,0.00027116417833751235,0.00040382056862522459,1.8886845772542695e-05,0.0011967202914272806,0.99565217391304339,0.0097818631552254072,0.97101449275362317,1,0.99545454545454548,0.010226493298644725,0.96969696969696972,1,0.019567266956172485,0.011385932221601095,0.0078202817134006026,0.047510804808148351,1,0,1,1,1,0,1,1,1,0,1,1,0.94049445865302628,0.0010479732261770883,0.93776641091219093,0.94117647058823528,10
arithmetic,random_window,Random-window split,4,1,0,1,1,1,0,1,1,1,0,1,1,1,0,1,1,1,0,1,1,1,0,1,1,0.00016756028488626679,9.7787285236354465e-05,7.1807261775977752e-05,0.00042585817500383091,9.6965955115375541e-08,1.6907905005910355e-07,1.1055153245999047e-08,5.7344038185266237e-07,0.99875000000000003,0.0039528470752104947,0.98750000000000004,1,0.99903846153846154,0.0030406515963157408,0.99038461538461542,1,0.007766782792775177,0.017166405806962826,0.00077878203073605563,0.056467009079177899,1,0,1,1,1,0,1,1,1,0,1,1,0.94058823529411772,0.00058000782187244998,0.93970588235294128,0.94117647058823528,10
arithmetic,random_window,Random-window split,5,1,0,1,1,1,0,1,1,1,0,1,1,1,0,1,1,1,0,1,1,1,0,1,1,0.010955352635799345,0.0039366857611590695,0.0071026527301384593,0.017470924774398308,0.00044762624592091483,0.00033639250277357134,0.00014508749837771026,0.0010104563322392522,0.99099999999999999,0.0073786478737262306,0.97999999999999998,1,0.99086538461538465,0.0075375427032722247,0.97916666666666674,1,0.04517602662884828,0.010675655792467209,0.024617150618482957,0.064185041248826735,1,0,1,1,1,0,1,1,1,0,1,1,0.93970588235294117,0.0010828785310968074,0.93764705882352939,0.94117647058823517,10
arithmetic,random_window,Random-window split,6,1,0,1,1,1,0,1,1,1,0,1,1,1,0,1,1,1,0,1,1,1,0,1,1,0.01218277463199611,0.0064391479819597489,0.0048101896907519681,0.024610710818409178,0.00046026976254067727,0.00056209100229764745,3.0534107715286244e-05,0.0017982458480521736,0.98450704225352115,0.014006041211433146,0.95774647887323938,1,0.98337339743589747,0.015009935213412979,0.953125,1,0.067227374817953059,0.026878243773736116,0.036442539170029535,0.12664731965302103,1,0,1,1,1,0,1,1,1,0,1,1,0.94043082021541002,0.0013215670935107075,0.93703396851698406,0.94117647058823517,10
arithmetic,random_window,Random-window split,7,1,0,1,1,1,0,1,1,1,0,1,1,1,0,1,1,1,0,1,1,1,0,1,1,0.026774139872399839,0.02563772739003474,0.0042262407390278953,0.082171985345055473,0.0036991215842399686,0.0061119311641588854,3.8309645441990784e-05,0.018250242702990409,0.97674418604651159,0.026853500892540721,0.93023255813953487,1,0.98000000000000009,0.023094010767585049,0.93999999999999995,1,0.07238550448068444,0.1102536285028415,0.013307142292175498,0.3809688391036784,1,0,1,1,1,0,1,1,1,0,1,1,0.94062927496580007,0.00070642651093609542,0.93980848153214758,0.94117647058823506,10
arithmetic,random_window,Random-window split,8,1,0,1,1,1,0,1,1,1,0,1,1,1,0,1,1,1,0,1,1,1,0,1,1,0.030712351560160351,0.0087387202550051422,0.022454375853393296,0.050582796564342419,0.0018777670376959536,0.001609425621981894,0.00081840068294928474,0.006116248345189236,0.94159999999999999,0.025029760064548927,0.88800000000000001,0.96799999999999997,0.94205486542443073,0.024539702661544,0.88845755693581785,0.9693322981366459,0.16506080903860917,0.034104275552984967,0.12138002282782075,0.22835390126517213,1,0,1,1,1,0,1,1,1,0,1,1,0.94009411764705886,0.00054564790998982678,0.93929411764705883,0.94070588235294117,10
arithmetic,random_window,Random-window split,9,1,0,1,1,1,0,1,1,1,0,1,1,1,0,1,1,1,0,1,1,1,0,1,1,0.014281304694778823,0.0030468192641640067,0.0088575949022166103,0.017962691442921237,0.00046505260715016172,0.00021180872426251882,0.00014269890725986865,0.00073638072521235124,0.98999999999999999,0.0089192446825261777,0.97692307692307689,1,0.98998579545454546,0.0089406970980787769,0.97679924242424243,1,0.03188704844902511,0.011991274370608315,0.015058427700234855,0.050898930046059457,1,0,1,1,1,0,1,1,1,0,1,1,0.9400904977375566,0.00053112569718427875,0.93936651583710418,0.94072398190045259,10
arithmetic,random_window,Random-window split,10,1,0,1,1,1,0,1,1,1,0,1,1,1,0,1,1,1,0,1,1,1,0,1,1,0.02890453699848438,0.012346519018042713,0.01102513046462059,0.047861686204465931,0.0021827995635774777,0.001854689957348232,0.00025282939748754791,0.0054800407112483547,0.97538461538461552,0.018058273704265652,0.9538461538461539,1,0.97561669829222009,0.017741625426716149,0.95445920303605314,1,0.085164426954405514,0.03590611290151307,0.032668059246165074,0.14182783899193985,1,0,1,1,1,0,1,1,1,0,1,1,0.9405429864253394,0.0008585369213126771,0.93936651583710418,0.94117647058823539,10
arithmetic,random_window,Random-window split,11,1,0,1,1,1,0,1,1,1,0,1,1,1,0,1,1,1,0,1,1,1,0,1,1,0.048223962095425107,0.02398150500092033,0.024663342790353017,0.11112545802009835,0.0063231866143782746,0.0081368852055578502,0.00088882185179271788,0.028870865474416321,0.95913978494623664,0.016657992886913629,0.92473118279569888,0.978494623655914,0.95972222222222237,0.01664092662556613,0.92569444444444449,0.97916666666666674,0.15331741829261505,0.091207773374290174,0.071537816217199471,0.39646655980702938,1,0,1,1,1,0,1,1,1,0,1,1,0.93978494623655906,0.001185196653810297,0.93738140417457283,0.94117647058823517,10
arithmetic,random_window,Random-window split,12,1,0,1,1,1,0,1,1,1,0,1,1,1,0,1,1,1,0,1,1,1,0,1,1,0.022516680843045971,0.0083016083889811149,0.011805051147989673,0.039425085721759547,0.0012221570776882378,0.0009477715390653461,0.00027987416360759654,0.003451871864460253,0.98607594936708876,0.015154670882757749,0.96202531645569622,1,0.98494832041343672,0.016240201012349045,0.95833333333333326,1,0.074475777104824989,0.05841820279350509,0.019917479216175468,0.21374423266957693,1,0,1,1,1,0,1,1,1,0,1,1,0.9388682055100519,0.0020300923352373555,0.93373045420699907,0.94117647058823506,10
arithmetic,random_window,Random-window split,13,1,0,1,1,1,0,1,1,1,0,1,1,1,0,1,1,1,0,1,1,1,0,1,1,0.0029090894446786144,0.0012646992060207536,0.001212550355702627,0.0057159763685429412,1.7027324365076036e-05,1.5704929351138357e-05,2.2708897466045147e-06,5.6708677492278376e-05,0.99382716049382724,0.013334857404131401,0.96296296296296291,1,0.99358974358974361,0.013847736535059527,0.96153846153846156,1,0.025993438235210813,0.024840634888103855,0.010431059241106211,0.093322235517902141,1,0,1,1,1,0,1,1,1,0,1,1,0.93965141612200431,0.0010523875632672589,0.93754538852578062,0.94117647058823528,10
arithmetic,random_window,Random-window split,14,1,0,1,1,1,0,1,1,1,0,1,1,1,0,1,1,1,0,1,1,1,0,1,1,0.021694993912564877,0.0092368499117690631,0.011885433822991773,0.040097787539476994,0.0011999177554410866,0.0010550976859707763,0.00027454033078395582,0.0033660663976616116,0.98472222222222228,0.016628041663025853,0.95833333333333337,1,0.98426573426573438,0.016730344211448676,0.95687645687645695,1,0.060811939478671737,0.023849542271412782,0.034187626581327853,0.11636293966529479,1,0,1,1,1,0,1,1,1,0,1,1,0.94060457516339879,0.00055142856022096485,0.93954248366013082,0.94117647058823528,10
arithmetic,random_window,Random-window split,15,1,0,1,1,1,0,1,1,1,0,1,1,1,0,1,1,1,0,1,1,1,0,1,1,0.014798135852889466,0.0023022742349788905,0.011013489990210876,0.018635324938741499,0.00042064840652169383,0.00014554340542177836,0.00021232674501934107,0.00070452868830114476,1,0,1,1,1,0,1,1,0.02240199737868892,0.0045898572573226139,0.015974433783191078,0.031482113704276192,1,0,1,1,1,0,1,1,1,0,1,1,0.94030748663101615,0.00063414658960596229,0.93983957219251346,0.94117647058823539,10
arithmetic,recording_disjoint,Recording-disjoint split,1,0.75,0.26352313834736496,0.5,1,0.75,0.26352313834736496,0.5,1,1,0,1,1,0.5,0.52704627669472992,0,1,0.83333333333333326,0.17568209223157666,0.66666666666666663,1,1,0,1,1,0.69789462003398017,0.69604799076724488,0.010723110475179412,1.8166086222003452,0.21973595637868107,0.1973534968417118,0.00020715175165486762,0.47390945616820734,0.65936989355619013,0.063530823264645417,0.60436137071651086,0.7493333333333333,0.6392552407975034,0.071024379235088989,0.57245895702559157,0.73806462922924099,1.5329144082897204,0.24357985182871736,1.287611255976773,1.8222029222237111,0,0,0,0,1,0,1,1,0,0,0,0,0,0,0,0,10
arithmetic,recording_disjoint,Recording-disjoint split,2,0.5,0,0.5,0.5,0.5,0,0.5,0.5,0.5,0.52704627669472992,0,1,0.5,0.52704627669472992,0,1,0.33333333333333331,0.35136418446315326,0,0.66666666666666663,0.40000000000000002,0.5163977794943222,0,1,1.7570166321810112,0.73886180482096009,1.0344873921886688,2.9972970014800331,0.44327337418805701,0.05132786645871322,0.37377219704693959,0.49750944802888764,0.56642686736963643,0.13452933855592597,0.41944444444444445,0.75085324232081907,0.47716973658150125,0.051763027013082059,0.4022222222222222,0.51158645276292336,2.123447117555969,0.8259391848076848,0.93696597628159761,3.1588120737316325,0,0,0,0,1,0,1,1,0,0,0,0,0,0,0,0,10
arithmetic,recording_disjoint,Recording-disjoint split,3,0.5,0,0.5,0.5,0.5,0,0.5,0.5,0.69999999999999996,0.48304589153964794,0,1,0.29999999999999999,0.48304589153964794,0,1,0.46666666666666662,0.32203059435976528,0,0.66666666666666663,0.29999999999999999,0.48304589153964794,0,1,2.7650903534900371,1.2486822324118294,1.245329718338803,3.9160332443393022,0.47328447842438448,0.037226625883222418,0.41977201208236553,0.49961222954742335,0.51908431046273118,0.10498882242320022,0.39589442815249265,0.64143426294820716,0.46953423349798162,0.062423115323352298,0.38054212707182317,0.52683792394241236,2.6963914332319439,1.1818868904150046,1.6524948978041254,4.5512143574629764,0,0,0,0,1,0,1,1,0,0,0,0,0,0,0,0,10
arithmetic,recording_disjoint,Recording-disjoint split,4,0.5,0,0.5,0.5,0.5,0,0.5,0.5,1,0,1,1,0,0,0,0,0.66666666666666663,0,0.66666666666666663,0.66666666666666663,0.80000000000000004,0.4216370213557839,0,1,3.6335332420838453,3.3687844238958418,1.5791203300268633,9.9921313120112067,0.48269541234774432,0.01722697272726367,0.4584017026517675,0.49999999802003647,0.70271494531655387,0.06411470143268673,0.64723926380368102,0.79331306990881456,0.58697852350489266,0.098864876707564317,0.50431034482758619,0.72521008403361342,4.0066532199240381,2.5909230283690778,1.6024402574217598,7.8637540663487711,0,0,0,0,1,0,1,1,0,0,0,0,0,0,0,0,10
arithmetic,recording_disjoint,Recording-disjoint split,5,0.5,0,0.5,0.5,0.5,0,0.5,0.5,1,0,1,1,0,0,0,0,0.66666666666666663,0,0.66666666666666663,0.66666666666666663,0.29999999999999999,0.48304589153964794,0,1,3.9849121528655864,1.9151645523304472,2.3663200807624487,6.6814295846765974,0.49679911530319859,0.0042623926966206876,0.49121960163583495,0.50079808435385154,0.48459070341423283,0.1244560045238306,0.28054298642533937,0.61558441558441557,0.45335780157173106,0.079821047365433759,0.30789451896009273,0.5163398692810458,4.4765510942614748,2.5780323686816282,2.0872136173910047,7.6631133901435238,0,0,0,0,1,0,1,1,0,0,0,0,0,0,0,0,10
arithmetic,recording_disjoint,Recording-disjoint split,6,0.5,0,0.5,0.5,0.5,0,0.5,0.5,1,0,1,1,0,0,0,0,0.66666666666666663,0,0.66666666666666663,0.66666666666666663,0.20000000000000001,0.42163702135578396,0,1,2.8824356307675791,1.0503569068567278,0.93926084234459495,3.662349568553946,0.47182392905750409,0.061270403043430184,0.35568383915071444,0.50445533419179167,0.52241561974752804,0.085816383357438825,0.40469208211143692,0.61071428571428577,0.48803035656469601,0.097070126523221376,0.36698080279232115,0.62641025641025638,3.2387958589588841,0.7815676981440387,1.844662529449133,3.8998834182009063,0,0,0,0,1,0,1,1,0,0,0,0,0,0,0,0,10
arithmetic,recording_disjoint,Recording-disjoint split,7,0.59999999999999998,0.21081851067789195,0.5,1,0.59999999999999998,0.21081851067789195,0.5,1,1,0,1,1,0.20000000000000001,0.42163702135578396,0,1,0.73333333333333328,0.14054567378526128,0.66666666666666663,1,0.69999999999999996,0.48304589153964794,0,1,2.2025051839683054,1.1774076768405928,0.090031937563622183,3.3268469782936325,0.39893926993622497,0.20311952993587265,0.01357610640366564,0.49871149246231672,0.657299855303912,0.13464139822201462,0.56088560885608851,0.87906976744186049,0.58131264597426313,0.11974871132807037,0.49019607843137253,0.79650115770517105,2.7248777103854813,1.8287206135731549,0.44078796419665311,5.1514404847582069,0,0,0,0,1,0,1,1,0,0,0,0,0,0,0,0,10
arithmetic,recording_disjoint,Recording-disjoint split,8,0.59999999999999998,0.21081851067789195,0.5,1,0.59999999999999998,0.21081851067789195,0.5,1,0.69999999999999996,0.48304589153964794,0,1,0.5,0.52704627669472992,0,1,0.53333333333333333,0.39126259692575577,0,1,1,0,1,1,1.3402658966430647,0.88945825217023855,0.35473282772494985,2.2703694679120141,0.32379073485784921,0.17719601666351209,0.089618441665943613,0.489353336456608,0.50915699458775732,0.031896792804927958,0.46906187624750501,0.55178268251273344,0.5093980789038931,0.025103861540064224,0.47303266204095451,0.52613407666150036,2.1200710323406726,0.24546694334408375,1.8325591089186908,2.4317585087759355,0,0,0,0,1,0,1,1,0,0,0,0,0,0,0,0,10
arithmetic,recording_disjoint,Recording-disjoint split,9,0.59999999999999998,0.21081851067789195,0.5,1,0.59999999999999998,0.21081851067789195,0.5,1,0.69999999999999996,0.48304589153964794,0,1,0.5,0.52704627669472992,0,1,0.53333333333333333,0.39126259692575577,0,1,0.80000000000000004,0.4216370213557839,0,1,1.9971155760721711,1.3604063645061475,0.53335146374532549,3.5056679986282484,0.38436296015583737,0.13444145023594761,0.17127553604331716,0.49909839760779123,0.58172279202860688,0.056951754922622978,0.50205761316872433,0.63277511961722488,0.53596366590522826,0.090794894672727028,0.40028324215264033,0.63692316500629798,2.6289392494348736,0.99633305155625984,1.6137749865586277,3.6889258336888711,0,0,0,0,1,0,1,1,0,0,0,0,0,0,0,0,10
arithmetic,recording_disjoint,Recording-disjoint split,10,0.5,0,0.5,0.5,0.5,0,0.5,0.5,1,0,1,1,0,0,0,0,0.66666666666666663,0,0.66666666666666663,0.66666666666666663,0.80000000000000004,0.4216370213557839,0,1,2.1272339061975476,1.7319275325606469,0.60167440398062433,5.2463626648610511,0.41764875386295924,0.14477998721078966,0.2174437464260037,0.58104761154221796,0.51944030554507736,0.083126734184192627,0.36363636363636365,0.5696969696969697,0.50170431977544039,0.072293734771952153,0.40111003861003863,0.58117427772600183,2.8975281679648193,2.4522930594951773,1.6112594293172842,7.5470347361420309,0,0,0,0,1,0,1,1,0,0,0,0,0,0,0,0,10
arithmetic,recording_disjoint,Recording-disjoint split,11,0.5,0,0.5,0.5,0.5,0,0.5,0.5,1,0,1,1,0,0,0,0,0.66666666666666663,0,0.66666666666666663,0.66666666666666663,0.5,0.52704627669472992,0,1,4.5836601118524758,1.8997460143900256,2.8341684238236309,7.2096865586516241,0.52443709875011824,0.029575895455908208,0.49654642682725619,0.55707753160250451,0.46350573840613479,0.09364320434388404,0.36483516483516482,0.57650273224043713,0.4574131431057708,0.063318164409741737,0.37830199673685028,0.52258064516129032,5.4013635180507595,3.0966951245411347,2.4617051760955815,10.003490772742509,0,0,0,0,1,0,1,1,0,0,0,0,0,0,0,0,10
arithmetic,recording_disjoint,Recording-disjoint split,12,0.5,0,0.5,0.5,0.5,0,0.5,0.5,0.80000000000000004,0.4216370213557839,0,1,0.20000000000000001,0.42163702135578396,0,1,0.53333333333333333,0.28109134757052257,0,0.66666666666666663,0,0,0,0,2.710025289043112,0.99990089424680861,1.1624236430348387,3.7482958882088302,0.50766112451203904,0.057925767723489792,0.42900723758248926,0.58260477878946393,0.44333230657979872,0.1172350609074591,0.31683168316831684,0.63283582089552237,0.39042864782590814,0.073656586392353784,0.29937060348019251,0.48401826484018262,2.6634017716835539,0.97623116766752305,1.5507122617040623,4.0102007016780812,0,0,0,0,1,0,1,1,0,0,0,0,0,0,0,0,10
arithmetic,recording_disjoint,Recording-disjoint split,13,0.5,0,0.5,0.5,0.5,0,0.5,0.5,1,0,1,1,0,0,0,0,0.66666666666666663,0,0.66666666666666663,0.66666666666666663,0.40000000000000002,0.5163977794943222,0,1,2.7135212849327388,1.1426149080238082,0.57916108799295563,3.4315872643802292,0.45070915250656307,0.12074692763106178,0.22271614029006748,0.52393385958285232,0.53504793462847444,0.048098234282780462,0.48302872062663188,0.60579710144927534,0.51557569555262606,0.045163813599243666,0.46479200875752597,0.5882183908045977,2.9604500188026197,1.1927883372235306,1.0195123690388241,4.2804675335964602,0,0,0,0,1,0,1,1,0,0,0,0,0,0,0,0,10
arithmetic,recording_disjoint,Recording-disjoint split,14,0.40000000000000002,0.21081851067789195,0,0.5,0.40000000000000002,0.21081851067789195,0,0.5,0.80000000000000004,0.4216370213557839,0,1,0,0,0,0,0.53333333333333333,0.28109134757052257,0,0.66666666666666663,0.29999999999999999,0.48304589153964794,0,1,6.7023684664009711,4.7805774214013477,3.2400676256366983,15.572285159557151,0.59539469985558713,0.20238276881019851,0.49846757026241895,0.97938684232162143,0.49654106115750285,0.1939070329586117,0.12903225806451613,0.59859154929577463,0.44814990512333963,0.17159085862900023,0.12903225806451613,0.57447817836812143,6.5321892405542048,4.9456955732587069,3.6556117700388699,15.874075002296403,0,0,0,0,1,0,1,1,0,0,0,0,0,0,0,0,10
arithmetic,recording_disjoint,Recording-disjoint split,15,0.75,0.26352313834736496,0.5,1,0.75,0.26352313834736496,0.5,1,1,0,1,1,0.5,0.52704627669472992,0,1,0.83333333333333326,0.17568209223157666,0.66666666666666663,1,1,0,1,1,2.1188786161994502,2.1757590807081155,0.0013853510040221996,4.2881251005704755,0.25596007496680484,0.25722473028443171,3.8277759769197568e-06,0.49981147137375603,0.7114157309018585,0.25442805713323652,0.4140127388535032,0.97578692493946728,0.72224631551244456,0.23611688392838096,0.5,0.97679618768328447,2.2654910596557309,2.3206361380318357,0.052564359744763027,5.0359004366186149,0,0,0,0,1,0,1,1,0,0,0,0,0,0,0,0,10
stroop,participant_disjoint,Participant-disjoint split,1,0.5,,0.5,0.5,0.5,,0.5,0.5,0,,0,0,1,,1,1,0,,0,0,0.25,,0.25,0.25,1.4920088970781062,,1.4920088970781062,1.4920088970781062,0.48053482201495179,,0.48053482201495179,0.48053482201495179,0.37519142419601836,,0.37519142419601836,0.37519142419601836,0.39718296589410212,,0.39718296589410212,0.39718296589410212,2.3619388695418966,,2.3619388695418966,2.3619388695418966,0,,0,0,0,,0,0,0,,0,0,0,,0,0,1
stroop,participant_disjoint,Participant-disjoint split,2,0.5,,0.5,0.5,0.5,,0.5,0.5,1,,1,1,0,,0,0,0.66666666666666663,,0.66666666666666663,0.66666666666666663,0.5,,0.5,0.5,1.1662319590071062,,1.1662319590071062,1.1662319590071062,0.40645855962998939,,0.40645855962998939,0.40645855962998939,0.4458672875436554,,0.4458672875436554,0.4458672875436554,0.52078244609361302,,0.52078244609361302,0.52078244609361302,2.2013378799542243,,2.2013378799542243,2.2013378799542243,0,,0,0,0,,0,0,0,,0,0,0,,0,0,1
stroop,participant_disjoint,Participant-disjoint split,3,0.75,,0.75,0.75,0.75,,0.75,0.75,1,,1,1,0.5,,0.5,0.5,0.80000000000000004,,0.80000000000000004,0.80000000000000004,1,,1,1,0.26549092727047213,,0.26549092727047213,0.26549092727047213,0.090599657020943844,,0.090599657020943844,0.090599657020943844,0.83157894736842108,,0.83157894736842108,0.83157894736842108,0.8418756815703381,,0.8418756815703381,0.8418756815703381,0.35100665762540029,,0.35100665762540029,0.35100665762540029,0,,0,0,0,,0,0,0,,0,0,0,,0,0,1
stroop,participant_disjoint,Participant-disjoint split,4,0.5,,0.5,0.5,0.5,,0.5,0.5,0,,0,0,1,,1,1,0,,0,0,0.75,,0.75,0.75,1.1392203623882353,,1.1392203623882353,1.1392203623882353,0.34537173510906033,,0.34537173510906033,0.34537173510906033,0.58387799564270149,,0.58387799564270149,0.58387799564270149,0.6089590935279432,,0.6089590935279432,0.6089590935279432,1.2230075383955268,,1.2230075383955268,1.2230075383955268,0,,0,0,0,,0,0,0,,0,0,0,,0,0,1
stroop,participant_disjoint,Participant-disjoint split,5,0.75,,0.75,0.75,0.75,,0.75,0.75,1,,1,1,0.5,,0.5,0.5,0.80000000000000004,,0.80000000000000004,0.80000000000000004,1,,1,1,0.4560185751389742,,0.4560185751389742,0.4560185751389742,0.17167270532105924,,0.17167270532105924,0.17167270532105924,0.81515151515151518,,0.81515151515151518,0.81515151515151518,0.83653656196201287,,0.83653656196201287,0.83653656196201287,0.50376291887849511,,0.50376291887849511,0.50376291887849511,0,,0,0,0,,0,0,0,,0,0,0,,0,0,1
stroop,participant_disjoint,Participant-disjoint split,6,0.5,,0.5,0.5,0.5,,0.5,0.5,1,,1,1,0,,0,0,0.66666666666666663,,0.66666666666666663,0.66666666666666663,0.5,,0.5,0.5,1.9661086293837962,,1.9661086293837962,1.9661086293837962,0.48122350881815301,,0.48122350881815301,0.48122350881815301,0.49907578558225507,,0.49907578558225507,0.49907578558225507,0.49644653400393612,,0.49644653400393612,0.49644653400393612,2.027806034075923,,2.027806034075923,2.027806034075923,0,,0,0,0,,0,0,0,,0,0,0,,0,0,1
stroop,participant_disjoint,Participant-disjoint split,7,0.25,,0.25,0.25,0.25,,0.25,0.25,0,,0,0,0.5,,0.5,0.5,0,,0,0,0.5,,0.5,0.5,2.3461042240762024,,2.3461042240762024,2.3461042240762024,0.61928094487883412,,0.61928094487883412,0.61928094487883412,0.24029574861367836,,0.24029574861367836,0.24029574861367836,0.24436090225563908,,0.24436090225563908,0.24436090225563908,2.6506214648459072,,2.6506214648459072,2.6506214648459072,0,,0,0,0,,0,0,0,,0,0,0,,0,0,1
stroop,participant_disjoint,Participant-disjoint split,8,0.75,,0.75,0.75,0.75,,0.75,0.75,0.5,,0.5,0.5,1,,1,1,0.66666666666666663,,0.66666666666666663,0.66666666666666663,0.75,,0.75,0.75,0.5645463958316651,,0.5645463958316651,0.5645463958316651,0.19338039567009163,,0.19338039567009163,0.19338039567009163,0.65147453083109919,,0.65147453083109919,0.65147453083109919,0.65581737425011533,,0.65581737425011533,0.65581737425011533,0.74638954949295,,0.74638954949295,0.74638954949295,0,,0,0,0,,0,0,0,,0,0,0,,0,0,1
stroop,participant_disjoint,Participant-disjoint split,9,1,,1,1,1,,1,1,1,,1,1,1,,1,1,1,,1,1,1,,1,1,0.32245068149866485,,0.32245068149866485,0.32245068149866485,0.082398044563865389,,0.082398044563865389,0.082398044563865389,0.57044673539518898,,0.57044673539518898,0.57044673539518898,0.5721122112211221,,0.5721122112211221,0.5721122112211221,1.0872780371154682,,1.0872780371154682,1.0872780371154682,0,,0,0,0,,0,0,0,,0,0,0,,0,0,1
stroop,participant_disjoint,Participant-disjoint split,10,0.5,,0.5,0.5,0.5,,0.5,0.5,0,,0,0,1,,1,1,0,,0,0,0.25,,0.25,0.25,4.6773053624906922,,4.6773053624906922,4.6773053624906922,0.49953924645966685,,0.49953924645966685,0.49953924645966685,0.51939291736930859,,0.51939291736930859,0.51939291736930859,0.50862068965517238,,0.50862068965517238,0.50862068965517238,5.1106230518993145,,5.1106230518993145,5.1106230518993145,0,,0,0,0,,0,0,0,,0,0,0,,0,0,1
stroop,participant_disjoint,Participant-disjoint split,11,0.75,,0.75,0.75,0.75,,0.75,0.75,1,,1,1,0.5,,0.5,0.5,0.80000000000000004,,0.80000000000000004,0.80000000000000004,0.75,,0.75,0.75,0.4692070812405677,,0.4692070812405677,0.4692070812405677,0.16327834893706575,,0.16327834893706575,0.16327834893706575,0.78273809523809523,,0.78273809523809523,0.78273809523809523,0.7899159663865547,,0.7899159663865547,0.7899159663865547,0.49124772426371732,,0.49124772426371732,0.49124772426371732,0,,0,0,0,,0,0,0,,0,0,0,,0,0,1
stroop,participant_disjoint,Participant-disjoint split,12,0.5,,0.5,0.5,0.5,,0.5,0.5,1,,1,1,0,,0,0,0.66666666666666663,,0.66666666666666663,0.66666666666666663,0.75,,0.75,0.75,0.8373751039931796,,0.8373751039931796,0.8373751039931796,0.304979617136236,,0.304979617136236,0.304979617136236,0.61958266452648481,,0.61958266452648481,0.61958266452648481,0.61699134199134198,,0.61699134199134198,0.61699134199134198,1.1981554739456057,,1.1981554739456057,1.1981554739456057,0,,0,0,0,,0,0,0,,0,0,0,,0,0,1
stroop,participant_disjoint,Participant-disjoint split,13,0.5,,0.5,0.5,0.5,,0.5,0.5,0,,0,0,1,,1,1,0,,0,0,0.75,,0.75,0.75,0.77560590886624337,,0.77560590886624337,0.77560590886624337,0.29961674926428977,,0.29961674926428977,0.29961674926428977,0.54275741710296688,,0.54275741710296688,0.54275741710296688,0.55770264656288948,,0.55770264656288948,0.55770264656288948,1.1243105468814552,,1.1243105468814552,1.1243105468814552,0,,0,0,0,,0,0,0,,0,0,0,,0,0,1
stroop,random_window,Random-window split,1,1,0,1,1,1,0,1,1,1,0,1,1,1,0,1,1,1,0,1,1,1,0,1,1,0.10449979519336976,0.033028064924695774,0.047768862097977489,0.15314245413491054,0.017380147555009138,0.0094721672304656866,0.0033985036852138694,0.033594140441819992,0.90632911392405069,0.039671423708162526,0.83544303797468356,0.96202531645569622,0.90595238095238106,0.04000962340074668,0.83236808236808235,0.96106821106821105,0.22637266395063796,0.074766888876792281,0.13899965110247672,0.37112093974789356,1,0,1,1,1,0,1,1,1,0,1,1,0.93953834698436312,0.0011535318976046407,0.93819806403574058,0.94117647058823506,10
stroop,random_window,Random-window split,2,1,0,1,1,1,0,1,1,1,0,1,1,1,0,1,1,1,0,1,1,1,0,1,1,0.015339051375046431,0.0062525798347997591,0.007071461914394569,0.029043543280110752,0.00076410143041269051,0.00072862462184079704,0.00012446783737861701,0.0025956209273331923,0.99807692307692297,0.0040542021284209803,0.99038461538461542,1,0.99848484848484842,0.0031942198587559313,0.99242424242424243,1,0.01892118070541942,0.0048113742579692018,0.012071505179531226,0.025303299885648514,1,0,1,1,1,0,1,1,1,0,1,1,0.94044117647058845,0.00084526816634469836,0.93834841628959276,0.94117647058823539,10
stroop,random_window,Random-window split,3,1,0,1,1,1,0,1,1,1,0,1,1,1,0,1,1,1,0,1,1,1,0,1,1,0.0013689172510651815,0.00073938376276235093,0.00067016082996145399,0.0029635925779066068,6.6110798574339487e-06,9.5090650234910318e-06,7.9053612526292756e-07,2.9180112868312869e-05,0.99710144927536226,0.0061106814689243574,0.98550724637681164,1,0.99687499999999996,0.006588078458684107,0.984375,1,0.014671763518080277,0.023847651664614878,0.0016938588233253618,0.068748804265060137,1,0,1,1,1,0,1,1,1,0,1,1,0.94006820119352086,0.00080876666500475031,0.93861892583120188,0.94117647058823528,10
stroop,random_window,Random-window split,4,1,0,1,1,1,0,1,1,1,0,1,1,1,0,1,1,1,0,1,1,1,0,1,1,0.0015897041220786841,0.0011323248298808963,0.00054426539818668116,0.0040701225541248604,7.9025714929542003e-06,1.1775740695834504e-05,4.9718620939303465e-07,3.820707791983927e-05,1,0,1,1,1,0,1,1,0.017207978283049662,0.0046820180429975843,0.011404293974290146,0.024716695866362666,1,0,1,1,1,0,1,1,1,0,1,1,0.9403361344537815,0.00082858260267500887,0.93907563025210095,0.94117647058823539,10
stroop,random_window,Random-window split,5,1,0,1,1,1,0,1,1,1,0,1,1,1,0,1,1,1,0,1,1,1,0,1,1,0.0024278885191747557,0.0009974609832346193,0.0012216498596999774,0.0046570295473495633,1.5115822397185538e-05,1.5861486920622186e-05,2.5832159539052993e-06,5.7170617213588815e-05,0.99749999999999994,0.0079056941504209565,0.97499999999999998,1,0.99782608695652164,0.0068745166525399541,0.97826086956521741,1,0.011637955546015882,0.014502718896804781,0.0023022247044931338,0.051878057979249693,1,0,1,1,1,0,1,1,1,0,1,1,0.93926470588235311,0.0018406846426979174,0.936029411764706,0.94117647058823528,10
stroop,random_window,Random-window split,6,1,0,1,1,1,0,1,1,1,0,1,1,1,0,1,1,1,0,1,1,1,0,1,1,0.0046276586118601413,0.0016168692851729731,0.0029551325656279447,0.0079612319393811276,6.4739557764506339e-05,5.3077237051964653e-05,1.859747964386362e-05,0.00017957484349056467,0.99384615384615382,0.010757013827386162,0.96923076923076923,1,0.9939393939393939,0.010594028769395452,0.96969696969696972,1,0.031809060414998633,0.022213893477579058,0.014917675601844507,0.074371483551778306,1,0,1,1,1,0,1,1,1,0,1,1,0.94045248868778286,0.00083161681762236681,0.93846153846153846,0.94117647058823539,10
stroop,random_window,Random-window split,7,1,0,1,1,1,0,1,1,1,0,1,1,1,0,1,1,1,0,1,1,1,0,1,1,0.016134660022948437,0.007892158796062955,0.0059657884682055417,0.027730735890458987,0.00084344115986512863,0.00085130648356723977,6.2136966500188139e-05,0.0024865561748833665,0.98923076923076925,0.010383823964777713,0.96923076923076923,1,0.98915719696969684,0.010501097414787452,0.96875,1,0.05554490578961957,0.021882396607146141,0.021966028914013669,0.099630630982068119,1,0,1,1,1,0,1,1,1,0,1,1,0.94063348416289594,0.00076314393005571753,0.93936651583710418,0.94117647058823539,10
stroop,random_window,Random-window split,8,1,0,1,1,1,0,1,1,1,0,1,1,1,0,1,1,1,0,1,1,1,0,1,1,0.036582578919316204,0.029189756376227002,0.014617860931249661,0.11656025071952475,0.0033671642155150921,0.0060111709869848937,0.00034372156395751839,0.020167745907924476,0.94666666666666666,0.023888171106069785,0.92222222222222228,0.98888888888888893,0.94568452380952372,0.023966599103230252,0.91815476190476186,0.98809523809523814,0.19499403908876298,0.20155700418727657,0.071497705451564877,0.75024665555844161,1,0,1,1,1,0,1,1,1,0,1,1,0.94013071895424838,0.00045699731946408518,0.93986928104575174,0.94117647058823528,10
stroop,random_window,Random-window split,9,1,0,1,1,1,0,1,1,1,0,1,1,1,0,1,1,1,0,1,1,1,0,1,1,0.013003027506475287,0.010045332014416913,0.0037928943286412173,0.037697495878038043,0.00053580787284723396,0.0010254041878213663,3.0697071129698581e-05,0.0033923770595270866,0.97333333333333327,0.016062362718315615,0.95238095238095233,0.99047619047619051,0.97572463768115936,0.015689640750274087,0.9438405797101449,0.99275362318840576,0.072212677408774503,0.020210588956500571,0.047598823592602708,0.099866396357979254,1,0,1,1,1,0,1,1,1,0,1,1,0.94056022408963591,0.00055710303978247732,0.93949579831932784,0.94117647058823528,10
stroop,random_window,Random-window split,10,1,0,1,1,1,0,1,1,1,0,1,1,1,0,1,1,1,0,1,1,1,0,1,1,0.034334432827163738,0.011700768758606679,0.015517571805755127,0.051372912821825142,0.0026388413332783254,0.0016875132105873035,0.00048041937566448167,0.0052134763485031975,0.97916666666666674,0.018805644455175848,0.94444444444444442,1,0.97903474903474907,0.018775271288859512,0.94440154440154434,1,0.061944560380324268,0.024902316625019641,0.035617542281174121,0.11390667670126629,1,0,1,1,1,0,1,1,1,0,1,1,0.93995098039215697,0.001233031745389083,0.93790849673202614,0.94117647058823528,10
stroop,random_window,Random-window split,11,1,0,1,1,1,0,1,1,1,0,1,1,1,0,1,1,1,0,1,1,1,0,1,1,0.019150221855859673,0.020154854697762518,0.0080644437130299017,0.075028694852717681,0.0018857573310413131,0.0047598933185318765,0.00010807797567364431,0.015397276861269822,0.98888888888888893,0.013586480674254487,0.96296296296296291,1,0.98953488372093013,0.012796569007146666,0.96511627906976738,1,0.053068292193382958,0.043680630035631489,0.021761978282427555,0.17100462315987486,1,0,1,1,1,0,1,1,1,0,1,1,0.93979665940450252,0.001857814945955,0.93609295570079876,0.94117647058823528,10
stroop,random_window,Random-window split,12,1,0,1,1,1,0,1,1,1,0,1,1,1,0,1,1,1,0,1,1,1,0,1,1,0.018671391388414928,0.0046900662037504563,0.01253834968802077,0.027607664267616933,0.00066854285805744405,0.00039111758434414178,0.00021146855628384069,0.0014562506583308938,0.95199999999999996,0.016865480854231382,0.93333333333333335,0.98666666666666669,0.95181365576102428,0.016872019621838822,0.9327880512091038,0.98684210526315796,0.13124215670967651,0.055521875434697478,0.068461044820683228,0.25935194761341535,1,0,1,1,1,0,1,1,1,0,1,1,0.93984313725490198,0.00098169847610555042,0.93803921568627435,0.94117647058823517,10
stroop,random_window,Random-window split,13,1,0,1,1,1,0,1,1,1,0,1,1,1,0,1,1,1,0,1,1,1,0,1,1,0.0099402399900535478,0.002996918735710165,0.005208861921528452,0.014263986117670656,0.00024101583108541197,0.00015566659226660286,5.7465074223828452e-05,0.00050987620961858728,0.98840579710144927,0.014968051579545562,0.95652173913043481,1,0.98838383838383836,0.014865901357925626,0.95707070707070707,1,0.052878792778779826,0.035526504981274167,0.013366862573836175,0.10747077055819913,1,0,1,1,1,0,1,1,1,0,1,1,0.94075021312872964,0.00072449836794450458,0.93947144075021294,0.94117647058823528,10
stroop,recording_disjoint,Recording-disjoint split,1,0.34999999999999998,0.24152294576982397,0,0.5,0.34999999999999998,0.24152294576982397,0,0.5,0.5,0.52704627669472992,0,1,0.20000000000000001,0.42163702135578396,0,1,0.33333333333333331,0.35136418446315326,0,0.66666666666666663,0.40000000000000002,0.5163977794943222,0,1,3.2726158453587026,1.2552997651629723,2.0615057482555712,4.8389065849173196,0.60933386350438634,0.1918634672121034,0.48385932069033477,0.88726060874183843,0.41135625316835184,0.10946243330004474,0.27868852459016391,0.57422969187675066,0.39080234720451346,0.090717287156104096,0.26462072958888244,0.49043062200956938,3.815858168346197,1.2639539348295576,2.5693875313596535,5.5260886957711097,0,0,0,0,1,0,1,1,0,0,0,0,0,0,0,0,10
stroop,recording_disjoint,Recording-disjoint split,2,0.75,0.26352313834736496,0.5,1,0.75,0.26352313834736496,0.5,1,1,0,1,1,0.5,0.52704627669472992,0,1,0.83333333333333326,0.17568209223157666,0.66666666666666663,1,1,0,1,1,1.3151082942506369,1.3019384237913971,0.075638343068349642,2.5518370940989374,0.25074690099203101,0.25631520615481795,0.006952476855374496,0.4939273982530038,0.68999996705030886,0.11580487680726333,0.53233830845771146,0.78723404255319152,0.64525511695906435,0.14958991552513731,0.5,0.79402777777777778,1.6576698515241552,0.58697393208046955,1.0697194093050464,2.4564996208765799,0,0,0,0,1,0,1,1,0,0,0,0,0,0,0,0,10
stroop,recording_disjoint,Recording-disjoint split,3,0.65000000000000002,0.24152294576982397,0.5,1,0.65000000000000002,0.24152294576982397,0.5,1,1,0,1,1,0.29999999999999999,0.48304589153964794,0,1,0.76666666666666661,0.16101529717988269,0.66666666666666663,1,0.80000000000000004,0.4216370213557839,0,1,1.7785693913203253,1.1834447553923588,0.2558804561941867,3.4048230260602832,0.36499139150811566,0.19872631756411782,0.077202635217713658,0.50115662901044378,0.59348127514771487,0.11248297250317867,0.45936395759717313,0.74672489082969429,0.61353203046564253,0.11108274222086273,0.50393700787401574,0.76972363748649064,2.2693549808406912,1.4853920474951043,0.77530584290739779,4.7846316392051076,0,0,0,0,1,0,1,1,0,0,0,0,0,0,0,0,10
stroop,recording_disjoint,Recording-disjoint split,4,0.65000000000000002,0.24152294576982397,0.5,1,0.65000000000000002,0.24152294576982397,0.5,1,0.80000000000000004,0.4216370213557839,0,1,0.5,0.52704627669472992,0,1,0.6333333333333333,0.36683497820487065,0,1,1,0,1,1,1.0791169041160389,0.82154371979877672,0.0080538389231336396,1.9013036014968063,0.30608140227362107,0.21667131214279364,0.00012744334396377424,0.47793547619046617,0.70934019511125135,0.21122897751507969,0.41721854304635764,0.8932584269662921,0.69627808988764051,0.19250626969444876,0.48604566872055094,0.89583333333333326,1.4391146123143224,0.88497827624488645,0.31223408915969547,2.4194022935928388,0,0,0,0,1,0,1,1,0,0,0,0,0,0,0,0,10
stroop,recording_disjoint,Recording-disjoint split,5,0.75,0.26352313834736496,0.5,1,0.75,0.26352313834736496,0.5,1,1,0,1,1,0.5,0.52704627669472992,0,1,0.83333333333333326,0.17568209223157666,0.66666666666666663,1,1,0,1,1,0.90565930195712119,0.91708645726502658,0.00096724497828068186,1.9201943372362753,0.23633670536756174,0.24531972400400412,1.0187517182270627e-06,0.47870458697524454,0.6845215369828106,0.22048209976677766,0.44081632653061226,0.97727272727272729,0.69460502348768094,0.21180219867987668,0.5,0.9758652094717668,1.0734070780282892,0.88051833354539555,0.065479244222778177,2.1627375778325653,0,0,0,0,1,0,1,1,0,0,0,0,0,0,0,0,10
stroop,recording_disjoint,Recording-disjoint split,6,0.25,0.26352313834736496,0,0.5,0.25,0.26352313834736496,0,0.5,0,0,0,0,0.5,0.52704627669472992,0,1,0,0,0,0,0,0,0,0,11.059682825819962,8.5748249202469289,2.9339859642464816,20.396128282337944,0.7491242698866557,0.26443725399502671,0.49773461740868402,0.99999994395946457,0.26765055575106339,0.20342522854810005,0.065217391304347824,0.48231511254019294,0.28765160118101296,0.22402687001350494,0.065144976909682795,0.5,11.447232177810896,8.7790425369252958,3.1540808644509224,21.325876013132248,0,0,0,0,1,0,1,1,0,0,0,0,0,0,0,0,10
stroop,recording_disjoint,Recording-disjoint split,7,0.59999999999999998,0.21081851067789195,0.5,1,0.59999999999999998,0.21081851067789195,0.5,1,1,0,1,1,0.20000000000000001,0.42163702135578396,0,1,0.73333333333333328,0.14054567378526128,0.66666666666666663,1,1,0,1,1,1.9839109953498995,1.6247656767738901,0.28999815493183229,3.5306954213108317,0.32312418753388994,0.188031055220408,0.096843814545295878,0.49914259271316663,0.63230332995590388,0.13355187111050099,0.46632124352331605,0.82641509433962268,0.59334444181703794,0.12629705325126445,0.4686963058419244,0.77616494082840237,2.4552786879855391,1.0004892912426313,0.87166009137556055,3.6033964628473054,0,0,0,0,1,0,1,1,0,0,0,0,0,0,0,0,10
stroop,recording_disjoint,Recording-disjoint split,8,0.5,0,0.5,0.5,0.5,0,0.5,0.5,1,0,1,1,0,0,0,0,0.66666666666666663,0,0.66666666666666663,0.66666666666666663,0.5,0.52704627669472992,0,1,1.4269513406447896,0.70137208764820058,0.63799832546858415,2.220172892354586,0.38319708843954337,0.11865256652440334,0.22329002377788384,0.48824486794180322,0.51640140003101442,0.053756233125389082,0.453416149068323,0.59595959595959591,0.50080582733543255,0.032250218616948309,0.4560570987654321,0.53205128205128205,2.5389103932122739,0.49077352151678899,2.2243664880383647,3.4621980614828241,0,0,0,0,1,0,1,1,0,0,0,0,0,0,0,0,10
stroop,recording_disjoint,Recording-disjoint split,9,0.34999999999999998,0.24152294576982397,0,0.5,0.34999999999999998,0.24152294576982397,0,0.5,0.5,0.52704627669472992,0,1,0.20000000000000001,0.42163702135578396,0,1,0.33333333333333331,0.35136418446315326,0,0.66666666666666663,0.69999999999999996,0.48304589153964794,0,1,3.4612772425596248,2.225311616595198,1.8006249503762417,6.6764498141259123,0.62700972328905247,0.23137260966378465,0.47308276840729302,0.96218928270401594,0.4973498599831524,0.22320288330056112,0.23217247097844113,0.82692307692307687,0.4647041153510334,0.1646415801314379,0.22694932389738404,0.59090909090909094,3.9889798828867198,3.2659930276439404,0.83546902670368484,8.6199498497321034,0,0,0,0,1,0,1,1,0,0,0,0,0,0,0,0,10
stroop,recording_disjoint,Recording-disjoint split,10,0.34999999999999998,0.24152294576982397,0,0.5,0.34999999999999998,0.24152294576982397,0,0.5,0.20000000000000001,0.4216370213557839,0,1,0.5,0.52704627669472992,0,1,0.13333333333333333,0.28109134757052257,0,0.66666666666666663,0.69999999999999996,0.48304589153964794,0,1,3.1772494770950024,1.6720512352147632,1.0468924432523514,5.2499734055217626,0.52934895136498272,0.1172607746329673,0.38436270396941835,0.68725769188693198,0.5403667025937815,0.18800234221348902,0.27806122448979592,0.7138461538461538,0.45863591832725553,0.12383088423111666,0.28971145058101583,0.60593220338983045,3.4863377049280309,2.8986443226780501,0.93481611773978079,7.6346557296998645,0,0,0,0,1,0,1,1,0,0,0,0,0,0,0,0,10
stroop,recording_disjoint,Recording-disjoint split,11,0.75,0.26352313834736496,0.5,1,0.75,0.26352313834736496,0.5,1,1,0,1,1,0.5,0.52704627669472992,0,1,0.83333333333333326,0.17568209223157666,0.66666666666666663,1,1,0,1,1,1.416650561580072,1.4425249695585958,0.031480181073606762,2.7933235688213292,0.25034807974318052,0.2591484287164284,0.0018616273020453005,0.49625591845717432,0.69098974261495649,0.13240299676396458,0.53497942386831276,0.82887700534759357,0.64982081387819091,0.15808565253769413,0.5,0.81134930643127356,1.5640092190425996,0.9076725253497604,0.62910521216503756,2.6043701933908365,0,0,0,0,1,0,1,1,0,0,0,0,0,0,0,0,10
stroop,recording_disjoint,Recording-disjoint split,12,0.34999999999999998,0.24152294576982397,0,0.5,0.34999999999999998,0.24152294576982397,0,0.5,0.69999999999999996,0.48304589153964794,0,1,0,0,0,0,0.46666666666666662,0.32203059435976528,0,0.66666666666666663,0.29999999999999999,0.48304589153964794,0,1,2.2487309514399207,0.67592062616442838,1.5338773373028485,2.9944312310149486,0.53048226539668264,0.059161071150290311,0.48658815741591277,0.61600879114890161,0.488541294181635,0.08022882022283942,0.39304812834224601,0.60897435897435892,0.46986308608259825,0.053494643493729808,0.3923780923780924,0.50435540069686413,2.8026072136711249,0.34483385866211946,2.1732635606665931,3.0635461525901375,0,0,0,0,1,0,1,1,0,0,0,0,0,0,0,0,10
stroop,recording_disjoint,Recording-disjoint split,13,0.40000000000000002,0.21081851067789195,0,0.5,0.40000000000000002,0.21081851067789195,0,0.5,0.80000000000000004,0.4216370213557839,0,1,0,0,0,0,0.53333333333333333,0.28109134757052257,0,0.66666666666666663,0.20000000000000001,0.4216370213557839,0,1,4.9170954659905872,1.1986751749180338,3.8207269895048115,6.5721809300642695,0.56301185157047429,0.13267811717353892,0.49970053194885727,0.81475009096884787,0.43899202952947353,0.18119075388154254,0.17218543046357615,0.66420664206642066,0.39043645789547432,0.12462986143481727,0.18274134790528232,0.5,4.8077521549611522,1.2226754105015307,3.4606483703590527,6.4101582508651314,0,0,0,0,1,0,1,1,0,0,0,0,0,0,0,0,10
