setting,setting_display,method,method_display,metric,seeds,seed_mean,seed_standard_deviation,seed_minimum,seed_maximum,seed_range,interpretation
cross_task_arithmetic_to_stroop,Arithmetic to Stroop,always_fuse,Always fused,participant_macro_accuracy,5,0.5641025641025641,0.070220840705790599,0.51282051282051266,0.64102564102564108,0.12820512820512842,model-randomness diagnostic only; seeds are ensemble members
cross_task_arithmetic_to_stroop,Arithmetic to Stroop,always_fuse,Always fused,participant_macro_balanced_accuracy,5,0.54615384615384621,0.063198756635211489,0.5,0.61538461538461542,0.11538461538461542,model-randomness diagnostic only; seeds are ensemble members
cross_task_arithmetic_to_stroop,Arithmetic to Stroop,always_nn,Always neural,participant_macro_accuracy,5,0.62564102564102564,0.029235267310234292,0.58974358974358976,0.66666666666666663,0.076923076923076872,model-randomness diagnostic only; seeds are ensemble members
cross_task_arithmetic_to_stroop,Arithmetic to Stroop,always_nn,Always neural,participant_macro_balanced_accuracy,5,0.52692307692307683,0.029164905554044433,0.5,0.55769230769230771,0.057692307692307709,model-randomness diagnostic only; seeds are ensemble members
cross_task_arithmetic_to_stroop,Arithmetic to Stroop,eeg_conformer,EEG-Conformer,participant_macro_accuracy,5,0.60512820512820509,0.04290564238636288,0.53846153846153844,0.64102564102564108,0.10256410256410264,model-randomness diagnostic only; seeds are ensemble members
cross_task_arithmetic_to_stroop,Arithmetic to Stroop,eeg_conformer,EEG-Conformer,participant_macro_balanced_accuracy,5,0.52307692307692311,0.028523840334983314,0.48076923076923078,0.55769230769230771,0.076923076923076927,model-randomness diagnostic only; seeds are ensemble members
cross_task_arithmetic_to_stroop,Arithmetic to Stroop,eegnet,EEGNet,participant_macro_accuracy,5,0.58461538461538454,0.038031787113311122,0.53846153846153844,0.64102564102564108,0.10256410256410264,model-randomness diagnostic only; seeds are ensemble members
cross_task_arithmetic_to_stroop,Arithmetic to Stroop,eegnet,EEGNet,participant_macro_balanced_accuracy,5,0.46923076923076923,0.039877771833322556,0.42307692307692307,0.51923076923076927,0.096153846153846201,model-randomness diagnostic only; seeds are ensemble members
cross_task_arithmetic_to_stroop,Arithmetic to Stroop,extra_trees,Extra Trees,participant_macro_accuracy,5,0.6512820512820513,0.014044168141158055,0.64102564102564108,0.66666666666666663,0.02564102564102555,model-randomness diagnostic only; seeds are ensemble members
cross_task_arithmetic_to_stroop,Arithmetic to Stroop,extra_trees,Extra Trees,participant_macro_balanced_accuracy,5,0.56538461538461537,0.010533126105868542,0.55769230769230771,0.57692307692307687,0.019230769230769162,model-randomness diagnostic only; seeds are ensemble members
cross_task_arithmetic_to_stroop,Arithmetic to Stroop,rf,Random forest,participant_macro_accuracy,5,0.66666666666666674,0,0.66666666666666674,0.66666666666666674,0,model-randomness diagnostic only; seeds are ensemble members
cross_task_arithmetic_to_stroop,Arithmetic to Stroop,rf,Random forest,participant_macro_balanced_accuracy,5,0.61538461538461542,0,0.61538461538461542,0.61538461538461542,0,model-randomness diagnostic only; seeds are ensemble members
cross_task_arithmetic_to_stroop,Arithmetic to Stroop,riemann_mdm,Riemannian MDM,participant_macro_accuracy,5,0.64102564102564108,0,0.64102564102564108,0.64102564102564108,0,model-randomness diagnostic only; seeds are ensemble members
cross_task_arithmetic_to_stroop,Arithmetic to Stroop,riemann_mdm,Riemannian MDM,participant_macro_balanced_accuracy,5,0.5,0,0.5,0.5,0,model-randomness diagnostic only; seeds are ensemble members
cross_task_arithmetic_to_stroop,Arithmetic to Stroop,riemann_ts_logreg,Riemannian TS-LR,participant_macro_accuracy,5,0.58974358974358987,0,0.58974358974358987,0.58974358974358987,0,model-randomness diagnostic only; seeds are ensemble members
cross_task_arithmetic_to_stroop,Arithmetic to Stroop,riemann_ts_logreg,Riemannian TS-LR,participant_macro_balanced_accuracy,5,0.46153846153846156,0,0.46153846153846156,0.46153846153846156,0,model-randomness diagnostic only; seeds are ensemble members
cross_task_bidirectional,Bidirectional cross-task,always_fuse,Always fused,participant_macro_accuracy,5,0.5282051282051281,0.037815080009622123,0.47435897435897434,0.5641025641025641,0.089743589743589758,model-randomness diagnostic only; seeds are ensemble members
cross_task_bidirectional,Bidirectional cross-task,always_fuse,Always fused,participant_macro_balanced_accuracy,5,0.51923076923076916,0.028033422571371643,0.48076923076923078,0.55769230769230771,0.076923076923076927,model-randomness diagnostic only; seeds are ensemble members
cross_task_bidirectional,Bidirectional cross-task,always_nn,Always neural,participant_macro_accuracy,5,0.58974358974358976,0.015701857325533204,0.57692307692307687,0.61538461538461542,0.038461538461538547,model-randomness diagnostic only; seeds are ensemble members
cross_task_bidirectional,Bidirectional cross-task,always_nn,Always neural,participant_macro_balanced_accuracy,5,0.51923076923076916,0.017988737436413178,0.5,0.53846153846153844,0.038461538461538436,model-randomness diagnostic only; seeds are ensemble members
cross_task_bidirectional,Bidirectional cross-task,eeg_conformer,EEG-Conformer,participant_macro_accuracy,5,0.58461538461538454,0.044963276709615869,0.53846153846153844,0.65384615384615385,0.11538461538461542,model-randomness diagnostic only; seeds are ensemble members
cross_task_bidirectional,Bidirectional cross-task,eeg_conformer,EEG-Conformer,participant_macro_balanced_accuracy,5,0.52115384615384608,0.022956416127525636,0.5,0.55769230769230771,0.057692307692307709,model-randomness diagnostic only; seeds are ensemble members
cross_task_bidirectional,Bidirectional cross-task,eegnet,EEGNet,participant_macro_accuracy,5,0.5641025641025641,0.023984983248550956,0.53846153846153844,0.60256410256410264,0.064102564102564208,model-randomness diagnostic only; seeds are ensemble members
cross_task_bidirectional,Bidirectional cross-task,eegnet,EEGNet,participant_macro_balanced_accuracy,5,0.48076923076923073,0.028033422571371629,0.46153846153846156,0.52884615384615385,0.067307692307692291,model-randomness diagnostic only; seeds are ensemble members
cross_task_bidirectional,Bidirectional cross-task,extra_trees,Extra Trees,participant_macro_accuracy,5,0.6333333333333333,0.0070220840705790275,0.62820512820512819,0.64102564102564097,0.012820512820512775,model-randomness diagnostic only; seeds are ensemble members
cross_task_bidirectional,Bidirectional cross-task,extra_trees,Extra Trees,participant_macro_balanced_accuracy,5,0.5807692307692307,0.0052665630529343315,0.57692307692307687,0.58653846153846156,0.0096153846153846922,model-randomness diagnostic only; seeds are ensemble members
cross_task_bidirectional,Bidirectional cross-task,rf,Random forest,participant_macro_accuracy,5,0.5923076923076922,0.0057335076346148751,0.58974358974358965,0.60256410256410253,0.012820512820512886,model-randomness diagnostic only; seeds are ensemble members
cross_task_bidirectional,Bidirectional cross-task,rf,Random forest,participant_macro_balanced_accuracy,5,0.56923076923076921,0.0043001307259611186,0.56730769230769229,0.57692307692307687,0.0096153846153845812,model-randomness diagnostic only; seeds are ensemble members
cross_task_bidirectional,Bidirectional cross-task,riemann_mdm,Riemannian MDM,participant_macro_accuracy,5,0.64102564102564108,0,0.64102564102564108,0.64102564102564108,0,model-randomness diagnostic only; seeds are ensemble members
cross_task_bidirectional,Bidirectional cross-task,riemann_mdm,Riemannian MDM,participant_macro_balanced_accuracy,5,0.53846153846153844,0,0.53846153846153844,0.53846153846153844,0,model-randomness diagnostic only; seeds are ensemble members
cross_task_bidirectional,Bidirectional cross-task,riemann_ts_logreg,Riemannian TS-LR,participant_macro_accuracy,5,0.52564102564102566,0,0.52564102564102566,0.52564102564102566,0,model-randomness diagnostic only; seeds are ensemble members
cross_task_bidirectional,Bidirectional cross-task,riemann_ts_logreg,Riemannian TS-LR,participant_macro_balanced_accuracy,5,0.47115384615384615,0,0.47115384615384615,0.47115384615384615,0,model-randomness diagnostic only; seeds are ensemble members
cross_task_stroop_to_arithmetic,Stroop to Arithmetic,always_fuse,Always fused,participant_macro_accuracy,5,0.49230769230769234,0.038031787113311094,0.43589743589743585,0.53846153846153844,0.10256410256410259,model-randomness diagnostic only; seeds are ensemble members
cross_task_stroop_to_arithmetic,Stroop to Arithmetic,always_fuse,Always fused,participant_macro_balanced_accuracy,5,0.49230769230769234,0.039877771833322542,0.44230769230769229,0.53846153846153844,0.096153846153846145,model-randomness diagnostic only; seeds are ensemble members
cross_task_stroop_to_arithmetic,Stroop to Arithmetic,always_nn,Always neural,participant_macro_accuracy,5,0.55384615384615388,0.038886540738725932,0.51282051282051277,0.61538461538461542,0.10256410256410264,model-randomness diagnostic only; seeds are ensemble members
cross_task_stroop_to_arithmetic,Stroop to Arithmetic,always_nn,Always neural,participant_macro_balanced_accuracy,5,0.51153846153846161,0.034934427162663366,0.46153846153846156,0.55769230769230771,0.096153846153846145,model-randomness diagnostic only; seeds are ensemble members
cross_task_stroop_to_arithmetic,Stroop to Arithmetic,eeg_conformer,EEG-Conformer,participant_macro_accuracy,5,0.5641025641025641,0.076923076923076927,0.48717948717948717,0.69230769230769229,0.20512820512820512,model-randomness diagnostic only; seeds are ensemble members
cross_task_stroop_to_arithmetic,Stroop to Arithmetic,eeg_conformer,EEG-Conformer,participant_macro_balanced_accuracy,5,0.51923076923076927,0.049029033784545997,0.48076923076923078,0.59615384615384615,0.11538461538461536,model-randomness diagnostic only; seeds are ensemble members
cross_task_stroop_to_arithmetic,Stroop to Arithmetic,eegnet,EEGNet,participant_macro_accuracy,5,0.54358974358974366,0.033431807206167431,0.48717948717948717,0.5641025641025641,0.076923076923076927,model-randomness diagnostic only; seeds are ensemble members
cross_task_stroop_to_arithmetic,Stroop to Arithmetic,eegnet,EEGNet,participant_macro_balanced_accuracy,5,0.49230769230769222,0.05014771080925113,0.42307692307692307,0.53846153846153844,0.11538461538461536,model-randomness diagnostic only; seeds are ensemble members
cross_task_stroop_to_arithmetic,Stroop to Arithmetic,extra_trees,Extra Trees,participant_macro_accuracy,5,0.61538461538461542,0,0.61538461538461542,0.61538461538461542,0,model-randomness diagnostic only; seeds are ensemble members
cross_task_stroop_to_arithmetic,Stroop to Arithmetic,extra_trees,Extra Trees,participant_macro_balanced_accuracy,5,0.59615384615384615,0,0.59615384615384615,0.59615384615384615,0,model-randomness diagnostic only; seeds are ensemble members
cross_task_stroop_to_arithmetic,Stroop to Arithmetic,rf,Random forest,participant_macro_accuracy,5,0.51794871794871788,0.0114670152692297,0.51282051282051277,0.53846153846153844,0.025641025641025661,model-randomness diagnostic only; seeds are ensemble members
cross_task_stroop_to_arithmetic,Stroop to Arithmetic,rf,Random forest,participant_macro_balanced_accuracy,5,0.52307692307692311,0.0086002614519222371,0.51923076923076927,0.53846153846153844,0.019230769230769162,model-randomness diagnostic only; seeds are ensemble members
cross_task_stroop_to_arithmetic,Stroop to Arithmetic,riemann_mdm,Riemannian MDM,participant_macro_accuracy,5,0.64102564102564108,0,0.64102564102564108,0.64102564102564108,0,model-randomness diagnostic only; seeds are ensemble members
cross_task_stroop_to_arithmetic,Stroop to Arithmetic,riemann_mdm,Riemannian MDM,participant_macro_balanced_accuracy,5,0.57692307692307687,0,0.57692307692307687,0.57692307692307687,0,model-randomness diagnostic only; seeds are ensemble members
cross_task_stroop_to_arithmetic,Stroop to Arithmetic,riemann_ts_logreg,Riemannian TS-LR,participant_macro_accuracy,5,0.46153846153846156,0,0.46153846153846156,0.46153846153846156,0,model-randomness diagnostic only; seeds are ensemble members
cross_task_stroop_to_arithmetic,Stroop to Arithmetic,riemann_ts_logreg,Riemannian TS-LR,participant_macro_balanced_accuracy,5,0.48076923076923073,6.2063353831181828e-17,0.48076923076923078,0.48076923076923078,0,model-randomness diagnostic only; seeds are ensemble members
loso_arithmetic,Arithmetic LOSO,always_fuse,Always fused,participant_macro_accuracy,5,0.6133333333333334,0.021730674684008848,0.59999999999999998,0.65000000000000002,0.050000000000000044,model-randomness diagnostic only; seeds are ensemble members
loso_arithmetic,Arithmetic LOSO,always_fuse,Always fused,participant_macro_balanced_accuracy,5,0.6133333333333334,0.021730674684008848,0.59999999999999998,0.65000000000000002,0.050000000000000044,model-randomness diagnostic only; seeds are ensemble members
loso_arithmetic,Arithmetic LOSO,always_nn,Always neural,participant_macro_accuracy,5,0.60000000000000009,0.039086797998528558,0.56666666666666665,0.66666666666666663,0.099999999999999978,model-randomness diagnostic only; seeds are ensemble members
loso_arithmetic,Arithmetic LOSO,always_nn,Always neural,participant_macro_balanced_accuracy,5,0.60000000000000009,0.039086797998528558,0.56666666666666665,0.66666666666666663,0.099999999999999978,model-randomness diagnostic only; seeds are ensemble members
loso_arithmetic,Arithmetic LOSO,eeg_conformer,EEG-Conformer,participant_macro_accuracy,5,0.65666666666666662,0.045030853620354291,0.58333333333333337,0.69999999999999996,0.11666666666666659,model-randomness diagnostic only; seeds are ensemble members
loso_arithmetic,Arithmetic LOSO,eeg_conformer,EEG-Conformer,participant_macro_balanced_accuracy,5,0.65666666666666662,0.045030853620354291,0.58333333333333337,0.69999999999999996,0.11666666666666659,model-randomness diagnostic only; seeds are ensemble members
loso_arithmetic,Arithmetic LOSO,eegnet,EEGNet,participant_macro_accuracy,5,0.60000000000000009,0.035355339059327397,0.56666666666666665,0.65000000000000002,0.08333333333333337,model-randomness diagnostic only; seeds are ensemble members
loso_arithmetic,Arithmetic LOSO,eegnet,EEGNet,participant_macro_balanced_accuracy,5,0.60000000000000009,0.035355339059327397,0.56666666666666665,0.65000000000000002,0.08333333333333337,model-randomness diagnostic only; seeds are ensemble members
loso_arithmetic,Arithmetic LOSO,extra_trees,Extra Trees,participant_macro_accuracy,5,0.51666666666666672,0,0.51666666666666672,0.51666666666666672,0,model-randomness diagnostic only; seeds are ensemble members
loso_arithmetic,Arithmetic LOSO,extra_trees,Extra Trees,participant_macro_balanced_accuracy,5,0.51666666666666672,0,0.51666666666666672,0.51666666666666672,0,model-randomness diagnostic only; seeds are ensemble members
loso_arithmetic,Arithmetic LOSO,rf,Random forest,participant_macro_accuracy,5,0.51666666666666672,0,0.51666666666666672,0.51666666666666672,0,model-randomness diagnostic only; seeds are ensemble members
loso_arithmetic,Arithmetic LOSO,rf,Random forest,participant_macro_balanced_accuracy,5,0.51666666666666672,0,0.51666666666666672,0.51666666666666672,0,model-randomness diagnostic only; seeds are ensemble members
loso_arithmetic,Arithmetic LOSO,riemann_mdm,Riemannian MDM,participant_macro_accuracy,5,0.53333333333333333,0,0.53333333333333333,0.53333333333333333,0,model-randomness diagnostic only; seeds are ensemble members
loso_arithmetic,Arithmetic LOSO,riemann_mdm,Riemannian MDM,participant_macro_balanced_accuracy,5,0.53333333333333333,0,0.53333333333333333,0.53333333333333333,0,model-randomness diagnostic only; seeds are ensemble members
loso_arithmetic,Arithmetic LOSO,riemann_ts_logreg,Riemannian TS-LR,participant_macro_accuracy,5,0.5,0,0.5,0.5,0,model-randomness diagnostic only; seeds are ensemble members
loso_arithmetic,Arithmetic LOSO,riemann_ts_logreg,Riemannian TS-LR,participant_macro_balanced_accuracy,5,0.5,0,0.5,0.5,0,model-randomness diagnostic only; seeds are ensemble members
loso_stroop,Stroop LOSO,always_fuse,Always fused,participant_macro_accuracy,5,0.58461538461538454,0.029164905554044412,0.55769230769230771,0.63461538461538458,0.076923076923076872,model-randomness diagnostic only; seeds are ensemble members
loso_stroop,Stroop LOSO,always_fuse,Always fused,participant_macro_balanced_accuracy,5,0.58461538461538454,0.029164905554044412,0.55769230769230771,0.63461538461538458,0.076923076923076872,model-randomness diagnostic only; seeds are ensemble members
loso_stroop,Stroop LOSO,always_nn,Always neural,participant_macro_accuracy,5,0.58461538461538465,0.034934427162663387,0.53846153846153844,0.61538461538461542,0.076923076923076983,model-randomness diagnostic only; seeds are ensemble members
loso_stroop,Stroop LOSO,always_nn,Always neural,participant_macro_balanced_accuracy,5,0.58461538461538465,0.034934427162663387,0.53846153846153844,0.61538461538461542,0.076923076923076983,model-randomness diagnostic only; seeds are ensemble members
loso_stroop,Stroop LOSO,eeg_conformer,EEG-Conformer,participant_macro_accuracy,5,0.62307692307692308,0.05014771080925113,0.55769230769230771,0.69230769230769229,0.13461538461538458,model-randomness diagnostic only; seeds are ensemble members
loso_stroop,Stroop LOSO,eeg_conformer,EEG-Conformer,participant_macro_balanced_accuracy,5,0.62307692307692308,0.05014771080925113,0.55769230769230771,0.69230769230769229,0.13461538461538458,model-randomness diagnostic only; seeds are ensemble members
loso_stroop,Stroop LOSO,eegnet,EEGNet,participant_macro_accuracy,5,0.61538461538461542,0.019230769230769218,0.59615384615384615,0.63461538461538458,0.038461538461538436,model-randomness diagnostic only; seeds are ensemble members
loso_stroop,Stroop LOSO,eegnet,EEGNet,participant_macro_balanced_accuracy,5,0.61538461538461542,0.019230769230769218,0.59615384615384615,0.63461538461538458,0.038461538461538436,model-randomness diagnostic only; seeds are ensemble members
loso_stroop,Stroop LOSO,extra_trees,Extra Trees,participant_macro_accuracy,5,0.55769230769230771,0.013598207330510521,0.53846153846153844,0.57692307692307687,0.038461538461538436,model-randomness diagnostic only; seeds are ensemble members
loso_stroop,Stroop LOSO,extra_trees,Extra Trees,participant_macro_balanced_accuracy,5,0.55769230769230771,0.013598207330510521,0.53846153846153844,0.57692307692307687,0.038461538461538436,model-randomness diagnostic only; seeds are ensemble members
loso_stroop,Stroop LOSO,rf,Random forest,participant_macro_accuracy,5,0.57692307692307687,0,0.57692307692307687,0.57692307692307687,0,model-randomness diagnostic only; seeds are ensemble members
loso_stroop,Stroop LOSO,rf,Random forest,participant_macro_balanced_accuracy,5,0.57692307692307687,0,0.57692307692307687,0.57692307692307687,0,model-randomness diagnostic only; seeds are ensemble members
loso_stroop,Stroop LOSO,riemann_mdm,Riemannian MDM,participant_macro_accuracy,5,0.53846153846153844,0,0.53846153846153844,0.53846153846153844,0,model-randomness diagnostic only; seeds are ensemble members
loso_stroop,Stroop LOSO,riemann_mdm,Riemannian MDM,participant_macro_balanced_accuracy,5,0.53846153846153844,0,0.53846153846153844,0.53846153846153844,0,model-randomness diagnostic only; seeds are ensemble members
loso_stroop,Stroop LOSO,riemann_ts_logreg,Riemannian TS-LR,participant_macro_accuracy,5,0.57692307692307687,0,0.57692307692307687,0.57692307692307687,0,model-randomness diagnostic only; seeds are ensemble members
loso_stroop,Stroop LOSO,riemann_ts_logreg,Riemannian TS-LR,participant_macro_balanced_accuracy,5,0.57692307692307687,0,0.57692307692307687,0.57692307692307687,0,model-randomness diagnostic only; seeds are ensemble members
