model,protocol,direction,subject,seeds,selected_epoch_mean,selected_epoch_standard_deviation,selected_epoch_minimum,selected_epoch_maximum,selected_epoch_range,inner_epoch_range_mean_across_seeds
EEG-Conformer,cross_task,arithmetic_to_stroop,1,5,16.399999999999999,5.5045435778091543,8,21,13,17.600000000000001
EEG-Conformer,cross_task,arithmetic_to_stroop,2,5,4,2,2,6,4,5.4000000000000004
EEG-Conformer,cross_task,arithmetic_to_stroop,3,5,4.4000000000000004,2.1908902300206643,2,8,6,6.7999999999999998
EEG-Conformer,cross_task,arithmetic_to_stroop,4,5,12.4,3.7815340802378077,8,18,10,7.4000000000000004
EEG-Conformer,cross_task,arithmetic_to_stroop,5,5,3,3.082207001484488,1,8,7,4
EEG-Conformer,cross_task,arithmetic_to_stroop,6,5,7.4000000000000004,4.6690470119715011,1,14,13,11.4
EEG-Conformer,cross_task,arithmetic_to_stroop,7,5,8.5999999999999996,7.1274118724821847,1,18,17,14.800000000000001
EEG-Conformer,cross_task,arithmetic_to_stroop,8,5,10.199999999999999,7.8866976612521409,2,20,18,16.399999999999999
EEG-Conformer,cross_task,arithmetic_to_stroop,9,5,4.7999999999999998,2.7748873851023217,2,8,6,7.5999999999999996
EEG-Conformer,cross_task,arithmetic_to_stroop,10,5,1.3999999999999999,0.54772255750516607,1,2,1,0.40000000000000002
EEG-Conformer,cross_task,arithmetic_to_stroop,11,5,1.6000000000000001,0.54772255750516607,1,2,1,1.2
EEG-Conformer,cross_task,arithmetic_to_stroop,12,5,2,2.2360679774997898,1,6,5,2.2000000000000002
EEG-Conformer,cross_task,arithmetic_to_stroop,13,5,7.2000000000000002,3.271085446759225,3,12,9,12
EEG-Conformer,cross_task,stroop_to_arithmetic,1,5,11.199999999999999,4.6043457732885349,6,16,10,12.4
EEG-Conformer,cross_task,stroop_to_arithmetic,2,5,9.4000000000000004,4.0987803063838397,6,16,10,12.4
EEG-Conformer,cross_task,stroop_to_arithmetic,3,5,1.3999999999999999,0.54772255750516607,1,2,1,0.59999999999999998
EEG-Conformer,cross_task,stroop_to_arithmetic,4,5,14.800000000000001,7.1203932475671587,7,26,19,27.600000000000001
EEG-Conformer,cross_task,stroop_to_arithmetic,5,5,16.800000000000001,14.601369798755183,4,38,34,32
EEG-Conformer,cross_task,stroop_to_arithmetic,6,5,1.2,0.44721359549995804,1,2,1,0.20000000000000001
EEG-Conformer,cross_task,stroop_to_arithmetic,7,5,10.4,4.7749345545253288,6,18,12,18.399999999999999
EEG-Conformer,cross_task,stroop_to_arithmetic,8,5,4,2.7386127875258306,1,8,7,3.7999999999999998
EEG-Conformer,cross_task,stroop_to_arithmetic,9,5,13.6,8.203657720797473,7,26,19,24.399999999999999
EEG-Conformer,cross_task,stroop_to_arithmetic,10,5,2.6000000000000001,1.9493588689617927,1,6,5,2.6000000000000001
EEG-Conformer,cross_task,stroop_to_arithmetic,11,5,26,9.2736184954957039,14,38,24,48.600000000000001
EEG-Conformer,cross_task,stroop_to_arithmetic,12,5,7,5.5677643628300215,2,15,13,10.4
EEG-Conformer,cross_task,stroop_to_arithmetic,13,5,6.2000000000000002,2.4899799195977463,3,8,5,8.5999999999999996
EEG-Conformer,loso,arithmetic,1,5,3.6000000000000001,1.6733200530681511,2,6,4,35
EEG-Conformer,loso,arithmetic,2,5,3.6000000000000001,1.1401754250991381,2,5,3,34
EEG-Conformer,loso,arithmetic,3,5,4.4000000000000004,1.51657508881031,2,6,4,38.799999999999997
EEG-Conformer,loso,arithmetic,4,5,6.5999999999999996,1.6733200530681511,4,8,4,37.399999999999999
EEG-Conformer,loso,arithmetic,5,5,6,2.9154759474226504,3,10,7,28.800000000000001
EEG-Conformer,loso,arithmetic,6,5,6.7999999999999998,1.0954451150103321,6,8,2,29.399999999999999
EEG-Conformer,loso,arithmetic,7,5,7,2.4494897427831779,4,10,6,39.200000000000003
EEG-Conformer,loso,arithmetic,8,5,5.2000000000000002,1.0954451150103321,4,6,2,30.399999999999999
EEG-Conformer,loso,arithmetic,9,5,6.4000000000000004,2.5099800796022267,4,10,6,36.600000000000001
EEG-Conformer,loso,arithmetic,10,5,8.5999999999999996,1.8165902124584949,6,11,5,40.600000000000001
EEG-Conformer,loso,arithmetic,11,5,5.7999999999999998,1.4832396974191326,4,8,4,35.399999999999999
EEG-Conformer,loso,arithmetic,12,5,6,2.3452078799117149,4,10,6,34
EEG-Conformer,loso,arithmetic,13,5,7.2000000000000002,1.9235384061671346,5,10,5,43
EEG-Conformer,loso,arithmetic,14,5,7.5999999999999996,2.1908902300206643,4,10,6,44.200000000000003
EEG-Conformer,loso,arithmetic,15,5,8,2.4494897427831779,6,12,6,39
EEG-Conformer,loso,stroop,1,5,3.6000000000000001,0.89442719099991586,2,4,2,22.800000000000001
EEG-Conformer,loso,stroop,2,5,2.3999999999999999,0.89442719099991586,2,4,2,27.199999999999999
EEG-Conformer,loso,stroop,3,5,3,1.4142135623730951,2,5,3,21.399999999999999
EEG-Conformer,loso,stroop,4,5,4.7999999999999998,2.5884358211089569,2,8,6,23.399999999999999
EEG-Conformer,loso,stroop,5,5,4.5999999999999996,1.3416407864998738,3,6,3,26
EEG-Conformer,loso,stroop,6,5,2.3999999999999999,0.89442719099991586,2,4,2,35
EEG-Conformer,loso,stroop,7,5,4,1.8708286933869707,2,7,5,24.399999999999999
EEG-Conformer,loso,stroop,8,5,5.4000000000000004,1.6733200530681511,4,8,4,30.600000000000001
EEG-Conformer,loso,stroop,9,5,3.7999999999999998,2.0493901531919199,2,6,4,34.399999999999999
EEG-Conformer,loso,stroop,10,5,4.5999999999999996,1.9493588689617927,2,7,5,27.800000000000001
EEG-Conformer,loso,stroop,11,5,6.4000000000000004,2.3021728866442674,4,10,6,24.600000000000001
EEG-Conformer,loso,stroop,12,5,4.7999999999999998,3.1144823004794873,2,10,8,25
EEG-Conformer,loso,stroop,13,5,5.2000000000000002,3.4205262752974139,2,11,9,35.799999999999997
EEGNet,cross_task,arithmetic_to_stroop,1,5,9,3,6,12,6,5.7999999999999998
EEGNet,cross_task,arithmetic_to_stroop,2,5,18.199999999999999,18.088670487352022,2,38,36,34
EEGNet,cross_task,arithmetic_to_stroop,3,5,4.5999999999999996,2.1908902300206643,1,6,5,3.7999999999999998
EEGNet,cross_task,arithmetic_to_stroop,4,5,17,10.295630140987001,3,32,29,30.600000000000001
EEGNet,cross_task,arithmetic_to_stroop,5,5,1.3999999999999999,0.54772255750516607,1,2,1,0.59999999999999998
EEGNet,cross_task,arithmetic_to_stroop,6,5,1,0,1,1,0,0
EEGNet,cross_task,arithmetic_to_stroop,7,5,17,14.66287829861518,2,40,38,29.399999999999999
EEGNet,cross_task,arithmetic_to_stroop,8,5,11.4,7.7974354758471707,3,24,21,16.800000000000001
EEGNet,cross_task,arithmetic_to_stroop,9,5,4.4000000000000004,6.5421708935184508,1,16,15,6.5999999999999996
EEGNet,cross_task,arithmetic_to_stroop,10,5,4.4000000000000004,2.4083189157584592,2,7,5,6.4000000000000004
EEGNet,cross_task,arithmetic_to_stroop,11,5,33.399999999999999,4.9799598391954927,28,38,10,41.799999999999997
EEGNet,cross_task,arithmetic_to_stroop,12,5,6,5.7879184513951127,1,14,13,5
EEGNet,cross_task,arithmetic_to_stroop,13,5,26.600000000000001,16.546903033498445,2,42,40,50
EEGNet,cross_task,stroop_to_arithmetic,1,5,28,14.352700094407323,16,50,34,26.199999999999999
EEGNet,cross_task,stroop_to_arithmetic,2,5,12,10.559356040971437,5,30,25,19.399999999999999
EEGNet,cross_task,stroop_to_arithmetic,3,5,16.399999999999999,10.526157893552615,6,28,22,23.199999999999999
EEGNet,cross_task,stroop_to_arithmetic,4,5,25,12.489995996796797,6,40,34,46.399999999999999
EEGNet,cross_task,stroop_to_arithmetic,5,5,11.800000000000001,13.255187663703596,1,31,30,21.199999999999999
EEGNet,cross_task,stroop_to_arithmetic,6,5,1.2,0.44721359549995793,1,2,1,0.20000000000000001
EEGNet,cross_task,stroop_to_arithmetic,7,5,3.2000000000000002,2.5884358211089569,1,6,5,4
EEGNet,cross_task,stroop_to_arithmetic,8,5,14.199999999999999,10.61602562167217,7,33,26,16.600000000000001
EEGNet,cross_task,stroop_to_arithmetic,9,5,8,11.554220008291344,1,28,27,13.199999999999999
EEGNet,cross_task,stroop_to_arithmetic,10,5,17.600000000000001,18.311198759229281,2,40,38,31.199999999999999
EEGNet,cross_task,stroop_to_arithmetic,11,5,18.199999999999999,16.649324310613927,4,40,36,25.800000000000001
EEGNet,cross_task,stroop_to_arithmetic,12,5,6.4000000000000004,7.987490219086343,1,20,19,8
EEGNet,cross_task,stroop_to_arithmetic,13,5,5,4.1833001326703778,1,11,10,7
EEGNet,loso,arithmetic,1,5,2.6000000000000001,0.89442719099991586,2,4,2,37.799999999999997
EEGNet,loso,arithmetic,2,5,3.6000000000000001,1.1401754250991381,2,5,3,35.600000000000001
EEGNet,loso,arithmetic,3,5,4,1.2247448713915889,3,6,3,34.200000000000003
EEGNet,loso,arithmetic,4,5,3.2000000000000002,1.7888543819998317,2,6,4,38.200000000000003
EEGNet,loso,arithmetic,5,5,2.3999999999999999,0.89442719099991608,2,4,2,30.199999999999999
EEGNet,loso,arithmetic,6,5,4,2.3452078799117149,2,8,6,54.399999999999999
EEGNet,loso,arithmetic,7,5,4.2000000000000002,2.0493901531919199,2,6,4,38.399999999999999
EEGNet,loso,arithmetic,8,5,2.3999999999999999,0.54772255750516607,2,3,1,39.600000000000001
EEGNet,loso,arithmetic,9,5,7,3.3166247903553998,3,12,9,37.600000000000001
EEGNet,loso,arithmetic,10,5,3.7999999999999998,1.3038404810405297,2,5,3,28.800000000000001
EEGNet,loso,arithmetic,11,5,4,3.4641016151377544,2,10,8,32.600000000000001
EEGNet,loso,arithmetic,12,5,3.3999999999999999,1.6733200530681511,2,6,4,46.799999999999997
EEGNet,loso,arithmetic,13,5,3.3999999999999999,2.0736441353327724,1,6,5,24
EEGNet,loso,arithmetic,14,5,6.4000000000000004,4.5607017003965513,2,14,12,41.600000000000001
EEGNet,loso,arithmetic,15,5,4.2000000000000002,2.5884358211089569,1,7,6,35.200000000000003
EEGNet,loso,stroop,1,5,4.7999999999999998,1.3038404810405297,4,7,3,34.200000000000003
EEGNet,loso,stroop,2,5,7.2000000000000002,2.5884358211089569,4,11,7,45.600000000000001
EEGNet,loso,stroop,3,5,6,5.1478150704935004,1,14,13,32.600000000000001
EEGNet,loso,stroop,4,5,4.4000000000000004,0.89442719099991586,3,5,2,37
EEGNet,loso,stroop,5,5,8.5999999999999996,1.6733200530681511,6,10,4,41
EEGNet,loso,stroop,6,5,3,2,1,6,5,35.200000000000003
EEGNet,loso,stroop,7,5,3.6000000000000001,1.6733200530681511,2,6,4,38.399999999999999
EEGNet,loso,stroop,8,5,4.5999999999999996,3.5777087639996634,1,10,9,32.799999999999997
EEGNet,loso,stroop,9,5,4.7999999999999998,2.16794833886788,3,8,5,38
EEGNet,loso,stroop,10,5,6.4000000000000004,3.9115214431215892,3,12,9,35
EEGNet,loso,stroop,11,5,4.7999999999999998,2.7748873851023217,2,9,7,33.799999999999997
EEGNet,loso,stroop,12,5,5,1.4142135623730951,4,7,3,41.799999999999997
EEGNet,loso,stroop,13,5,5,1.4142135623730951,4,7,3,31.399999999999999
Residual MLP,cross_task,arithmetic_to_stroop,1,5,8.1999999999999993,8.4083292038311637,1,22,21,14.800000000000001
Residual MLP,cross_task,arithmetic_to_stroop,2,5,1,0,1,1,0,0.40000000000000002
Residual MLP,cross_task,arithmetic_to_stroop,3,5,1,0,1,1,0,0
Residual MLP,cross_task,arithmetic_to_stroop,4,5,1,0,1,1,0,0
Residual MLP,cross_task,arithmetic_to_stroop,5,5,1,0,1,1,0,0
Residual MLP,cross_task,arithmetic_to_stroop,6,5,1,0,1,1,0,0.20000000000000001
Residual MLP,cross_task,arithmetic_to_stroop,7,5,3.2000000000000002,3.2710854467592254,1,9,8,5.4000000000000004
Residual MLP,cross_task,arithmetic_to_stroop,8,5,6,1.8708286933869707,4,9,5,10.6
Residual MLP,cross_task,arithmetic_to_stroop,9,5,1.3999999999999999,0.89442719099991586,1,3,2,1
Residual MLP,cross_task,arithmetic_to_stroop,10,5,1,0,1,1,0,0
Residual MLP,cross_task,arithmetic_to_stroop,11,5,1,0,1,1,0,0
Residual MLP,cross_task,arithmetic_to_stroop,12,5,2,1.7320508075688772,1,5,4,2.7999999999999998
Residual MLP,cross_task,arithmetic_to_stroop,13,5,2.6000000000000001,3.5777087639996639,1,9,8,3.6000000000000001
Residual MLP,cross_task,stroop_to_arithmetic,1,5,1,0,1,1,0,0.20000000000000001
Residual MLP,cross_task,stroop_to_arithmetic,2,5,11.800000000000001,10.497618777608569,4,30,26,21.800000000000001
Residual MLP,cross_task,stroop_to_arithmetic,3,5,18.600000000000001,19.320973060381817,1,50,49,35.399999999999999
Residual MLP,cross_task,stroop_to_arithmetic,4,5,29.600000000000001,15.709869509324385,12,50,38,58.200000000000003
Residual MLP,cross_task,stroop_to_arithmetic,5,5,19.199999999999999,17.282939564784691,10,50,40,37.399999999999999
Residual MLP,cross_task,stroop_to_arithmetic,6,5,1,0,1,1,0,0
Residual MLP,cross_task,stroop_to_arithmetic,7,5,5.2000000000000002,3.8340579025361627,2,11,9,8.4000000000000004
Residual MLP,cross_task,stroop_to_arithmetic,8,5,10.4,4.8785243670601872,3,16,13,19.600000000000001
Residual MLP,cross_task,stroop_to_arithmetic,9,5,1,0,1,1,0,0
Residual MLP,cross_task,stroop_to_arithmetic,10,5,1,0,1,1,0,0.40000000000000002
Residual MLP,cross_task,stroop_to_arithmetic,11,5,13.6,8.2945765413310877,6,26,20,25.399999999999999
Residual MLP,cross_task,stroop_to_arithmetic,12,5,1,0,1,1,0,0
Residual MLP,cross_task,stroop_to_arithmetic,13,5,2.2000000000000002,2.6832815729997477,1,7,6,2.6000000000000001
Residual MLP,loso,arithmetic,1,5,3,0.70710678118654757,2,4,2,35.200000000000003
Residual MLP,loso,arithmetic,2,5,1.8,0.83666002653407556,1,3,2,28.199999999999999
Residual MLP,loso,arithmetic,3,5,4.5999999999999996,0.54772255750516619,4,5,1,29
Residual MLP,loso,arithmetic,4,5,3.6000000000000001,0.89442719099991586,3,5,2,42.600000000000001
Residual MLP,loso,arithmetic,5,5,2.6000000000000001,0.89442719099991586,2,4,2,29.199999999999999
Residual MLP,loso,arithmetic,6,5,2.7999999999999998,1.0954451150103321,2,4,2,26
Residual MLP,loso,arithmetic,7,5,2.7999999999999998,0.83666002653407556,2,4,2,31.399999999999999
Residual MLP,loso,arithmetic,8,5,3,2,1,6,5,24.199999999999999
Residual MLP,loso,arithmetic,9,5,4.2000000000000002,0.83666002653407556,3,5,2,25.399999999999999
Residual MLP,loso,arithmetic,10,5,2.3999999999999999,0.54772255750516607,2,3,1,41.799999999999997
Residual MLP,loso,arithmetic,11,5,4.7999999999999998,2.2803508501982761,2,8,6,26.800000000000001
Residual MLP,loso,arithmetic,12,5,5.2000000000000002,3.5637059362410923,2,11,9,41.600000000000001
Residual MLP,loso,arithmetic,13,5,6.7999999999999998,2.7748873851023217,2,9,7,28.399999999999999
Residual MLP,loso,arithmetic,14,5,3.6000000000000001,2.0736441353327719,2,7,5,24
Residual MLP,loso,arithmetic,15,5,2.7999999999999998,1.3038404810405297,1,4,3,31.800000000000001
Residual MLP,loso,stroop,1,5,6,3,3,9,6,26.199999999999999
Residual MLP,loso,stroop,2,5,4.5999999999999996,1.51657508881031,3,6,3,31.199999999999999
Residual MLP,loso,stroop,3,5,3,1.4142135623730951,2,5,3,22.600000000000001
Residual MLP,loso,stroop,4,5,3.3999999999999999,1.51657508881031,2,5,3,26.199999999999999
Residual MLP,loso,stroop,5,5,3.6000000000000001,2.0736441353327719,2,7,5,27.199999999999999
Residual MLP,loso,stroop,6,5,4.4000000000000004,1.8165902124584949,2,7,5,27.199999999999999
Residual MLP,loso,stroop,7,5,4.4000000000000004,3.1304951684997055,1,9,8,26.399999999999999
Residual MLP,loso,stroop,8,5,2,1,1,3,2,14.800000000000001
Residual MLP,loso,stroop,9,5,2.3999999999999999,1.51657508881031,1,5,4,27.600000000000001
Residual MLP,loso,stroop,10,5,3.2000000000000002,2.6832815729997477,1,7,6,25.600000000000001
Residual MLP,loso,stroop,11,5,2.6000000000000001,1.6733200530681511,1,5,4,42.799999999999997
Residual MLP,loso,stroop,12,5,3.7999999999999998,1.4832396974191326,2,6,4,37.200000000000003
Residual MLP,loso,stroop,13,5,1.6000000000000001,0.89442719099991586,1,3,2,39.200000000000003
