protocol,subject,direction,seed,validation_accuracy_nn,validation_accuracy_fuse,validation_gain,covariance_shift,effective_margin,used_fusion,selected_input_method,gate_source_recordings,inner_folds,selected_epoch,task
cross_task,1,stroop_to_arithmetic,1335,0.3333333333333333,0.3333333333333333,0.0,0.07583743395791101,0.0351674867915822,False,always_nn,3,2.0,1.0,
cross_task,1,stroop_to_arithmetic,1388,0.3333333333333333,0.6666666666666666,0.3333333333333333,0.07583743395791101,0.0351674867915822,True,always_fuse,3,2.0,1.0,
cross_task,1,stroop_to_arithmetic,1441,0.3333333333333333,0.6666666666666666,0.3333333333333333,0.07583743395791101,0.0351674867915822,True,always_fuse,3,2.0,1.0,
cross_task,1,stroop_to_arithmetic,1494,0.3333333333333333,0.6666666666666666,0.3333333333333333,0.07583743395791101,0.0351674867915822,True,always_fuse,3,2.0,1.0,
cross_task,1,stroop_to_arithmetic,1547,0.3333333333333333,0.6666666666666666,0.3333333333333333,0.07583743395791101,0.0351674867915822,True,always_fuse,3,2.0,1.0,
cross_task,1,arithmetic_to_stroop,1335,0.6666666666666666,0.3333333333333333,-0.3333333333333333,0.07583743395791101,0.0351674867915822,False,always_nn,3,2.0,1.0,
cross_task,1,arithmetic_to_stroop,1388,0.6666666666666666,1.0,0.33333333333333337,0.07583743395791101,0.0351674867915822,True,always_fuse,3,2.0,9.0,
cross_task,1,arithmetic_to_stroop,1441,0.6666666666666666,0.6666666666666666,0.0,0.07583743395791101,0.0351674867915822,False,always_nn,3,2.0,7.0,
cross_task,1,arithmetic_to_stroop,1494,0.6666666666666666,1.0,0.33333333333333337,0.07583743395791101,0.0351674867915822,True,always_fuse,3,2.0,22.0,
cross_task,1,arithmetic_to_stroop,1547,0.6666666666666666,0.3333333333333333,-0.3333333333333333,0.07583743395791101,0.0351674867915822,False,always_nn,3,2.0,2.0,
cross_task,2,stroop_to_arithmetic,1335,0.6666666666666666,0.3333333333333333,-0.3333333333333333,0.06338295448284632,0.03267659089656927,False,always_nn,3,2.0,8.0,
cross_task,2,stroop_to_arithmetic,1388,0.6666666666666666,0.6666666666666666,0.0,0.06338295448284632,0.03267659089656927,False,always_nn,3,2.0,11.0,
cross_task,2,stroop_to_arithmetic,1441,0.6666666666666666,0.3333333333333333,-0.3333333333333333,0.06338295448284632,0.03267659089656927,False,always_nn,3,2.0,6.0,
cross_task,2,stroop_to_arithmetic,1494,0.6666666666666666,0.3333333333333333,-0.3333333333333333,0.06338295448284632,0.03267659089656927,False,always_nn,3,2.0,30.0,
cross_task,2,stroop_to_arithmetic,1547,0.6666666666666666,0.3333333333333333,-0.3333333333333333,0.06338295448284632,0.03267659089656927,False,always_nn,3,2.0,4.0,
cross_task,2,arithmetic_to_stroop,1335,0.3333333333333333,1.0,0.6666666666666667,0.06338295448284632,0.03267659089656927,True,always_fuse,3,2.0,1.0,
cross_task,2,arithmetic_to_stroop,1388,0.3333333333333333,1.0,0.6666666666666667,0.06338295448284632,0.03267659089656927,True,always_fuse,3,2.0,1.0,
cross_task,2,arithmetic_to_stroop,1441,0.3333333333333333,1.0,0.6666666666666667,0.06338295448284632,0.03267659089656927,True,always_fuse,3,2.0,1.0,
cross_task,2,arithmetic_to_stroop,1494,0.3333333333333333,1.0,0.6666666666666667,0.06338295448284632,0.03267659089656927,True,always_fuse,3,2.0,1.0,
cross_task,2,arithmetic_to_stroop,1547,0.3333333333333333,1.0,0.6666666666666667,0.06338295448284632,0.03267659089656927,True,always_fuse,3,2.0,1.0,
cross_task,3,stroop_to_arithmetic,1335,0.6666666666666666,1.0,0.33333333333333337,0.03893260541228213,0.027786521082456425,True,always_fuse,3,2.0,50.0,
cross_task,3,stroop_to_arithmetic,1388,1.0,1.0,0.0,0.03893260541228213,0.027786521082456425,False,always_nn,3,2.0,23.0,
cross_task,3,stroop_to_arithmetic,1441,1.0,1.0,0.0,0.03893260541228213,0.027786521082456425,False,always_nn,3,2.0,7.0,
cross_task,3,stroop_to_arithmetic,1494,0.6666666666666666,1.0,0.33333333333333337,0.03893260541228213,0.027786521082456425,True,always_fuse,3,2.0,12.0,
cross_task,3,stroop_to_arithmetic,1547,0.6666666666666666,1.0,0.33333333333333337,0.03893260541228213,0.027786521082456425,True,always_fuse,3,2.0,1.0,
cross_task,3,arithmetic_to_stroop,1335,0.6666666666666666,0.6666666666666666,0.0,0.03893260541228213,0.027786521082456425,False,always_nn,3,2.0,1.0,
cross_task,3,arithmetic_to_stroop,1388,0.3333333333333333,0.6666666666666666,0.3333333333333333,0.03893260541228213,0.027786521082456425,True,always_fuse,3,2.0,1.0,
cross_task,3,arithmetic_to_stroop,1441,0.3333333333333333,0.6666666666666666,0.3333333333333333,0.03893260541228213,0.027786521082456425,True,always_fuse,3,2.0,1.0,
cross_task,3,arithmetic_to_stroop,1494,0.3333333333333333,0.6666666666666666,0.3333333333333333,0.03893260541228213,0.027786521082456425,True,always_fuse,3,2.0,1.0,
cross_task,3,arithmetic_to_stroop,1547,0.6666666666666666,0.6666666666666666,0.0,0.03893260541228213,0.027786521082456425,False,always_nn,3,2.0,1.0,
cross_task,4,stroop_to_arithmetic,1335,0.6666666666666666,0.6666666666666666,0.0,0.1005351053785813,0.04010702107571626,False,always_nn,3,2.0,16.0,
cross_task,4,stroop_to_arithmetic,1388,0.6666666666666666,0.6666666666666666,0.0,0.1005351053785813,0.04010702107571626,False,always_nn,3,2.0,32.0,
cross_task,4,stroop_to_arithmetic,1441,0.6666666666666666,0.6666666666666666,0.0,0.1005351053785813,0.04010702107571626,False,always_nn,3,2.0,50.0,
cross_task,4,stroop_to_arithmetic,1494,0.6666666666666666,0.6666666666666666,0.0,0.1005351053785813,0.04010702107571626,False,always_nn,3,2.0,38.0,
cross_task,4,stroop_to_arithmetic,1547,0.6666666666666666,0.6666666666666666,0.0,0.1005351053785813,0.04010702107571626,False,always_nn,3,2.0,12.0,
cross_task,4,arithmetic_to_stroop,1335,0.6666666666666666,1.0,0.33333333333333337,0.1005351053785813,0.04010702107571626,True,always_fuse,3,2.0,1.0,
cross_task,4,arithmetic_to_stroop,1388,0.6666666666666666,1.0,0.33333333333333337,0.1005351053785813,0.04010702107571626,True,always_fuse,3,2.0,1.0,
cross_task,4,arithmetic_to_stroop,1441,0.6666666666666666,1.0,0.33333333333333337,0.1005351053785813,0.04010702107571626,True,always_fuse,3,2.0,1.0,
cross_task,4,arithmetic_to_stroop,1494,0.6666666666666666,1.0,0.33333333333333337,0.1005351053785813,0.04010702107571626,True,always_fuse,3,2.0,1.0,
cross_task,4,arithmetic_to_stroop,1547,0.6666666666666666,1.0,0.33333333333333337,0.1005351053785813,0.04010702107571626,True,always_fuse,3,2.0,1.0,
cross_task,5,stroop_to_arithmetic,1335,0.6666666666666666,1.0,0.33333333333333337,0.07323919660929283,0.03464783932185857,True,always_fuse,3,2.0,50.0,
cross_task,5,stroop_to_arithmetic,1388,0.6666666666666666,0.6666666666666666,0.0,0.07323919660929283,0.03464783932185857,False,always_nn,3,2.0,14.0,
cross_task,5,stroop_to_arithmetic,1441,0.6666666666666666,0.6666666666666666,0.0,0.07323919660929283,0.03464783932185857,False,always_nn,3,2.0,10.0,
cross_task,5,stroop_to_arithmetic,1494,0.6666666666666666,0.6666666666666666,0.0,0.07323919660929283,0.03464783932185857,False,always_nn,3,2.0,11.0,
cross_task,5,stroop_to_arithmetic,1547,0.6666666666666666,1.0,0.33333333333333337,0.07323919660929283,0.03464783932185857,True,always_fuse,3,2.0,11.0,
cross_task,5,arithmetic_to_stroop,1335,0.6666666666666666,0.6666666666666666,0.0,0.07323919660929283,0.03464783932185857,False,always_nn,3,2.0,1.0,
cross_task,5,arithmetic_to_stroop,1388,0.6666666666666666,1.0,0.33333333333333337,0.07323919660929283,0.03464783932185857,True,always_fuse,3,2.0,1.0,
cross_task,5,arithmetic_to_stroop,1441,0.6666666666666666,0.6666666666666666,0.0,0.07323919660929283,0.03464783932185857,False,always_nn,3,2.0,1.0,
cross_task,5,arithmetic_to_stroop,1494,0.6666666666666666,0.6666666666666666,0.0,0.07323919660929283,0.03464783932185857,False,always_nn,3,2.0,1.0,
cross_task,5,arithmetic_to_stroop,1547,0.6666666666666666,0.6666666666666666,0.0,0.07323919660929283,0.03464783932185857,False,always_nn,3,2.0,1.0,
cross_task,6,stroop_to_arithmetic,1335,0.3333333333333333,1.0,0.6666666666666667,0.1398376024098187,0.047967520481963746,True,always_fuse,3,2.0,1.0,
cross_task,6,stroop_to_arithmetic,1388,0.0,1.0,1.0,0.1398376024098187,0.047967520481963746,True,always_fuse,3,2.0,1.0,
cross_task,6,stroop_to_arithmetic,1441,0.0,1.0,1.0,0.1398376024098187,0.047967520481963746,True,always_fuse,3,2.0,1.0,
cross_task,6,stroop_to_arithmetic,1494,0.0,1.0,1.0,0.1398376024098187,0.047967520481963746,True,always_fuse,3,2.0,1.0,
cross_task,6,stroop_to_arithmetic,1547,0.3333333333333333,1.0,0.6666666666666667,0.1398376024098187,0.047967520481963746,True,always_fuse,3,2.0,1.0,
cross_task,6,arithmetic_to_stroop,1335,0.6666666666666666,0.6666666666666666,0.0,0.1398376024098187,0.047967520481963746,False,always_nn,3,2.0,1.0,
cross_task,6,arithmetic_to_stroop,1388,0.6666666666666666,0.6666666666666666,0.0,0.1398376024098187,0.047967520481963746,False,always_nn,3,2.0,1.0,
cross_task,6,arithmetic_to_stroop,1441,0.6666666666666666,0.6666666666666666,0.0,0.1398376024098187,0.047967520481963746,False,always_nn,3,2.0,1.0,
cross_task,6,arithmetic_to_stroop,1494,0.6666666666666666,0.6666666666666666,0.0,0.1398376024098187,0.047967520481963746,False,always_nn,3,2.0,1.0,
cross_task,6,arithmetic_to_stroop,1547,0.6666666666666666,0.3333333333333333,-0.3333333333333333,0.1398376024098187,0.047967520481963746,False,always_nn,3,2.0,1.0,
cross_task,7,stroop_to_arithmetic,1335,0.6666666666666666,0.6666666666666666,0.0,0.04564134428257843,0.029128268856515687,False,always_nn,3,2.0,4.0,
cross_task,7,stroop_to_arithmetic,1388,0.6666666666666666,0.3333333333333333,-0.3333333333333333,0.04564134428257843,0.029128268856515687,False,always_nn,3,2.0,2.0,
cross_task,7,stroop_to_arithmetic,1441,0.6666666666666666,0.6666666666666666,0.0,0.04564134428257843,0.029128268856515687,False,always_nn,3,2.0,2.0,
cross_task,7,stroop_to_arithmetic,1494,0.6666666666666666,0.6666666666666666,0.0,0.04564134428257843,0.029128268856515687,False,always_nn,3,2.0,11.0,
cross_task,7,stroop_to_arithmetic,1547,0.6666666666666666,1.0,0.33333333333333337,0.04564134428257843,0.029128268856515687,True,always_fuse,3,2.0,7.0,
cross_task,7,arithmetic_to_stroop,1335,0.6666666666666666,0.6666666666666666,0.0,0.04564134428257843,0.029128268856515687,False,always_nn,3,2.0,2.0,
cross_task,7,arithmetic_to_stroop,1388,0.6666666666666666,0.3333333333333333,-0.3333333333333333,0.04564134428257843,0.029128268856515687,False,always_nn,3,2.0,2.0,
cross_task,7,arithmetic_to_stroop,1441,0.6666666666666666,0.3333333333333333,-0.3333333333333333,0.04564134428257843,0.029128268856515687,False,always_nn,3,2.0,2.0,
cross_task,7,arithmetic_to_stroop,1494,0.6666666666666666,0.3333333333333333,-0.3333333333333333,0.04564134428257843,0.029128268856515687,False,always_nn,3,2.0,1.0,
cross_task,7,arithmetic_to_stroop,1547,0.6666666666666666,0.6666666666666666,0.0,0.04564134428257843,0.029128268856515687,False,always_nn,3,2.0,9.0,
cross_task,8,stroop_to_arithmetic,1335,0.6666666666666666,1.0,0.33333333333333337,0.03691880616653964,0.027383761233307928,True,always_fuse,3,2.0,13.0,
cross_task,8,stroop_to_arithmetic,1388,0.6666666666666666,0.6666666666666666,0.0,0.03691880616653964,0.027383761233307928,False,always_nn,3,2.0,16.0,
cross_task,8,stroop_to_arithmetic,1441,0.6666666666666666,0.6666666666666666,0.0,0.03691880616653964,0.027383761233307928,False,always_nn,3,2.0,9.0,
cross_task,8,stroop_to_arithmetic,1494,0.6666666666666666,0.3333333333333333,-0.3333333333333333,0.03691880616653964,0.027383761233307928,False,always_nn,3,2.0,11.0,
cross_task,8,stroop_to_arithmetic,1547,0.6666666666666666,1.0,0.33333333333333337,0.03691880616653964,0.027383761233307928,True,always_fuse,3,2.0,3.0,
cross_task,8,arithmetic_to_stroop,1335,0.6666666666666666,0.6666666666666666,0.0,0.03691880616653964,0.027383761233307928,False,always_nn,3,2.0,5.0,
cross_task,8,arithmetic_to_stroop,1388,0.6666666666666666,0.3333333333333333,-0.3333333333333333,0.03691880616653964,0.027383761233307928,False,always_nn,3,2.0,6.0,
cross_task,8,arithmetic_to_stroop,1441,0.6666666666666666,0.3333333333333333,-0.3333333333333333,0.03691880616653964,0.027383761233307928,False,always_nn,3,2.0,4.0,
cross_task,8,arithmetic_to_stroop,1494,0.6666666666666666,0.3333333333333333,-0.3333333333333333,0.03691880616653964,0.027383761233307928,False,always_nn,3,2.0,9.0,
cross_task,8,arithmetic_to_stroop,1547,0.6666666666666666,0.6666666666666666,0.0,0.03691880616653964,0.027383761233307928,False,always_nn,3,2.0,6.0,
cross_task,9,stroop_to_arithmetic,1335,0.3333333333333333,0.6666666666666666,0.3333333333333333,0.14877459856096079,0.04975491971219216,True,always_fuse,3,2.0,1.0,
cross_task,9,stroop_to_arithmetic,1388,0.3333333333333333,0.3333333333333333,0.0,0.14877459856096079,0.04975491971219216,False,always_nn,3,2.0,1.0,
cross_task,9,stroop_to_arithmetic,1441,0.6666666666666666,0.3333333333333333,-0.3333333333333333,0.14877459856096079,0.04975491971219216,False,always_nn,3,2.0,1.0,
cross_task,9,stroop_to_arithmetic,1494,0.3333333333333333,0.6666666666666666,0.3333333333333333,0.14877459856096079,0.04975491971219216,True,always_fuse,3,2.0,1.0,
cross_task,9,stroop_to_arithmetic,1547,0.3333333333333333,1.0,0.6666666666666667,0.14877459856096079,0.04975491971219216,True,always_fuse,3,2.0,1.0,
cross_task,9,arithmetic_to_stroop,1335,0.3333333333333333,1.0,0.6666666666666667,0.14877459856096079,0.04975491971219216,True,always_fuse,3,2.0,1.0,
cross_task,9,arithmetic_to_stroop,1388,0.6666666666666666,0.3333333333333333,-0.3333333333333333,0.14877459856096079,0.04975491971219216,False,always_nn,3,2.0,1.0,
cross_task,9,arithmetic_to_stroop,1441,0.6666666666666666,1.0,0.33333333333333337,0.14877459856096079,0.04975491971219216,True,always_fuse,3,2.0,3.0,
cross_task,9,arithmetic_to_stroop,1494,0.3333333333333333,0.3333333333333333,0.0,0.14877459856096079,0.04975491971219216,False,always_nn,3,2.0,1.0,
cross_task,9,arithmetic_to_stroop,1547,0.3333333333333333,1.0,0.6666666666666667,0.14877459856096079,0.04975491971219216,True,always_fuse,3,2.0,1.0,
cross_task,10,stroop_to_arithmetic,1335,0.3333333333333333,1.0,0.6666666666666667,0.07063322350568065,0.03412664470113613,True,always_fuse,3,2.0,1.0,
cross_task,10,stroop_to_arithmetic,1388,0.3333333333333333,1.0,0.6666666666666667,0.07063322350568065,0.03412664470113613,True,always_fuse,3,2.0,1.0,
cross_task,10,stroop_to_arithmetic,1441,0.3333333333333333,1.0,0.6666666666666667,0.07063322350568065,0.03412664470113613,True,always_fuse,3,2.0,1.0,
cross_task,10,stroop_to_arithmetic,1494,0.6666666666666666,1.0,0.33333333333333337,0.07063322350568065,0.03412664470113613,True,always_fuse,3,2.0,1.0,
cross_task,10,stroop_to_arithmetic,1547,0.3333333333333333,1.0,0.6666666666666667,0.07063322350568065,0.03412664470113613,True,always_fuse,3,2.0,1.0,
cross_task,10,arithmetic_to_stroop,1335,0.6666666666666666,1.0,0.33333333333333337,0.07063322350568065,0.03412664470113613,True,always_fuse,3,2.0,1.0,
cross_task,10,arithmetic_to_stroop,1388,0.6666666666666666,1.0,0.33333333333333337,0.07063322350568065,0.03412664470113613,True,always_fuse,3,2.0,1.0,
cross_task,10,arithmetic_to_stroop,1441,0.6666666666666666,0.3333333333333333,-0.3333333333333333,0.07063322350568065,0.03412664470113613,False,always_nn,3,2.0,1.0,
cross_task,10,arithmetic_to_stroop,1494,0.6666666666666666,1.0,0.33333333333333337,0.07063322350568065,0.03412664470113613,True,always_fuse,3,2.0,1.0,
cross_task,10,arithmetic_to_stroop,1547,0.3333333333333333,0.6666666666666666,0.3333333333333333,0.07063322350568065,0.03412664470113613,True,always_fuse,3,2.0,1.0,
cross_task,11,stroop_to_arithmetic,1335,0.6666666666666666,0.6666666666666666,0.0,0.042881164197906205,0.02857623283958124,False,always_nn,3,2.0,26.0,
cross_task,11,stroop_to_arithmetic,1388,0.6666666666666666,0.6666666666666666,0.0,0.042881164197906205,0.02857623283958124,False,always_nn,3,2.0,6.0,
cross_task,11,stroop_to_arithmetic,1441,0.6666666666666666,1.0,0.33333333333333337,0.042881164197906205,0.02857623283958124,True,always_fuse,3,2.0,14.0,
cross_task,11,stroop_to_arithmetic,1494,0.6666666666666666,0.6666666666666666,0.0,0.042881164197906205,0.02857623283958124,False,always_nn,3,2.0,16.0,
cross_task,11,stroop_to_arithmetic,1547,0.6666666666666666,0.6666666666666666,0.0,0.042881164197906205,0.02857623283958124,False,always_nn,3,2.0,6.0,
cross_task,11,arithmetic_to_stroop,1335,0.3333333333333333,0.6666666666666666,0.3333333333333333,0.042881164197906205,0.02857623283958124,True,always_fuse,3,2.0,1.0,
cross_task,11,arithmetic_to_stroop,1388,0.6666666666666666,0.6666666666666666,0.0,0.042881164197906205,0.02857623283958124,False,always_nn,3,2.0,1.0,
cross_task,11,arithmetic_to_stroop,1441,0.6666666666666666,1.0,0.33333333333333337,0.042881164197906205,0.02857623283958124,True,always_fuse,3,2.0,1.0,
cross_task,11,arithmetic_to_stroop,1494,0.6666666666666666,0.6666666666666666,0.0,0.042881164197906205,0.02857623283958124,False,always_nn,3,2.0,1.0,
cross_task,11,arithmetic_to_stroop,1547,0.3333333333333333,0.6666666666666666,0.3333333333333333,0.042881164197906205,0.02857623283958124,True,always_fuse,3,2.0,1.0,
cross_task,12,stroop_to_arithmetic,1335,0.6666666666666666,1.0,0.33333333333333337,0.03479179991364945,0.02695835998272989,True,always_fuse,3,2.0,1.0,
cross_task,12,stroop_to_arithmetic,1388,0.3333333333333333,0.6666666666666666,0.3333333333333333,0.03479179991364945,0.02695835998272989,True,always_fuse,3,2.0,1.0,
cross_task,12,stroop_to_arithmetic,1441,0.3333333333333333,0.3333333333333333,0.0,0.03479179991364945,0.02695835998272989,False,always_nn,3,2.0,1.0,
cross_task,12,stroop_to_arithmetic,1494,0.6666666666666666,1.0,0.33333333333333337,0.03479179991364945,0.02695835998272989,True,always_fuse,3,2.0,1.0,
cross_task,12,stroop_to_arithmetic,1547,0.6666666666666666,1.0,0.33333333333333337,0.03479179991364945,0.02695835998272989,True,always_fuse,3,2.0,1.0,
cross_task,12,arithmetic_to_stroop,1335,0.6666666666666666,1.0,0.33333333333333337,0.03479179991364945,0.02695835998272989,True,always_fuse,3,2.0,2.0,
cross_task,12,arithmetic_to_stroop,1388,0.3333333333333333,1.0,0.6666666666666667,0.03479179991364945,0.02695835998272989,True,always_fuse,3,2.0,5.0,
cross_task,12,arithmetic_to_stroop,1441,0.3333333333333333,1.0,0.6666666666666667,0.03479179991364945,0.02695835998272989,True,always_fuse,3,2.0,1.0,
cross_task,12,arithmetic_to_stroop,1494,0.6666666666666666,1.0,0.33333333333333337,0.03479179991364945,0.02695835998272989,True,always_fuse,3,2.0,1.0,
cross_task,12,arithmetic_to_stroop,1547,0.6666666666666666,1.0,0.33333333333333337,0.03479179991364945,0.02695835998272989,True,always_fuse,3,2.0,1.0,
cross_task,13,stroop_to_arithmetic,1335,0.3333333333333333,1.0,0.6666666666666667,0.19526759413246994,0.059053518826494,True,always_fuse,3,2.0,1.0,
cross_task,13,stroop_to_arithmetic,1388,0.3333333333333333,0.6666666666666666,0.3333333333333333,0.19526759413246994,0.059053518826494,True,always_fuse,3,2.0,1.0,
cross_task,13,stroop_to_arithmetic,1441,0.3333333333333333,0.6666666666666666,0.3333333333333333,0.19526759413246994,0.059053518826494,True,always_fuse,3,2.0,1.0,
cross_task,13,stroop_to_arithmetic,1494,0.3333333333333333,1.0,0.6666666666666667,0.19526759413246994,0.059053518826494,True,always_fuse,3,2.0,1.0,
cross_task,13,stroop_to_arithmetic,1547,0.3333333333333333,0.6666666666666666,0.3333333333333333,0.19526759413246994,0.059053518826494,True,always_fuse,3,2.0,7.0,
cross_task,13,arithmetic_to_stroop,1335,0.6666666666666666,0.3333333333333333,-0.3333333333333333,0.19526759413246994,0.059053518826494,False,always_nn,3,2.0,1.0,
cross_task,13,arithmetic_to_stroop,1388,0.6666666666666666,1.0,0.33333333333333337,0.19526759413246994,0.059053518826494,True,always_fuse,3,2.0,1.0,
cross_task,13,arithmetic_to_stroop,1441,0.6666666666666666,1.0,0.33333333333333337,0.19526759413246994,0.059053518826494,True,always_fuse,3,2.0,1.0,
cross_task,13,arithmetic_to_stroop,1494,0.6666666666666666,1.0,0.33333333333333337,0.19526759413246994,0.059053518826494,True,always_fuse,3,2.0,1.0,
cross_task,13,arithmetic_to_stroop,1547,0.6666666666666666,0.6666666666666666,0.0,0.19526759413246994,0.059053518826494,False,always_nn,3,2.0,9.0,
loso,1,arithmetic,1335,0.6964285714285714,0.75,0.0535714285714286,0.2381876832659145,0.06763753665318291,False,always_nn,56,,,arithmetic
loso,1,arithmetic,1388,0.7142857142857143,0.6964285714285714,-0.017857142857142905,0.2381876832659145,0.06763753665318291,False,always_nn,56,,,arithmetic
loso,1,arithmetic,1441,0.6964285714285714,0.6964285714285714,0.0,0.2381876832659145,0.06763753665318291,False,always_nn,56,,,arithmetic
loso,1,arithmetic,1494,0.75,0.7321428571428571,-0.017857142857142905,0.2381876832659145,0.06763753665318291,False,always_nn,56,,,arithmetic
loso,1,arithmetic,1547,0.7678571428571429,0.6964285714285714,-0.07142857142857151,0.2381876832659145,0.06763753665318291,False,always_nn,56,,,arithmetic
loso,2,arithmetic,1335,0.6428571428571429,0.6785714285714286,0.0357142857142857,0.18139165203913202,0.0562783304078264,False,always_nn,56,,,arithmetic
loso,2,arithmetic,1388,0.6607142857142857,0.7142857142857143,0.0535714285714286,0.18139165203913202,0.0562783304078264,False,always_nn,56,,,arithmetic
loso,2,arithmetic,1441,0.625,0.75,0.125,0.18139165203913202,0.0562783304078264,True,always_fuse,56,,,arithmetic
loso,2,arithmetic,1494,0.6607142857142857,0.6785714285714286,0.017857142857142905,0.18139165203913202,0.0562783304078264,False,always_nn,56,,,arithmetic
loso,2,arithmetic,1547,0.6607142857142857,0.7321428571428571,0.0714285714285714,0.18139165203913202,0.0562783304078264,True,always_fuse,56,,,arithmetic
loso,3,arithmetic,1335,0.7142857142857143,0.7321428571428571,0.017857142857142794,0.1934423822622666,0.05868847645245333,False,always_nn,56,,,arithmetic
loso,3,arithmetic,1388,0.7142857142857143,0.7321428571428571,0.017857142857142794,0.1934423822622666,0.05868847645245333,False,always_nn,56,,,arithmetic
loso,3,arithmetic,1441,0.6607142857142857,0.7321428571428571,0.0714285714285714,0.1934423822622666,0.05868847645245333,True,always_fuse,56,,,arithmetic
loso,3,arithmetic,1494,0.6785714285714286,0.7678571428571429,0.0892857142857143,0.1934423822622666,0.05868847645245333,True,always_fuse,56,,,arithmetic
loso,3,arithmetic,1547,0.6785714285714286,0.7321428571428571,0.05357142857142849,0.1934423822622666,0.05868847645245333,False,always_nn,56,,,arithmetic
loso,4,arithmetic,1335,0.7142857142857143,0.6964285714285714,-0.017857142857142905,1.1292780504593152,0.15,False,always_nn,56,,,arithmetic
loso,4,arithmetic,1388,0.7321428571428571,0.6607142857142857,-0.0714285714285714,1.1292780504593152,0.15,False,always_nn,56,,,arithmetic
loso,4,arithmetic,1441,0.6607142857142857,0.6964285714285714,0.0357142857142857,1.1292780504593152,0.15,False,always_nn,56,,,arithmetic
loso,4,arithmetic,1494,0.7678571428571429,0.75,-0.017857142857142905,1.1292780504593152,0.15,False,always_nn,56,,,arithmetic
loso,4,arithmetic,1547,0.7678571428571429,0.6964285714285714,-0.07142857142857151,1.1292780504593152,0.15,False,always_nn,56,,,arithmetic
loso,5,arithmetic,1335,0.6607142857142857,0.7321428571428571,0.0714285714285714,0.13256346190797813,0.046512692381595624,True,always_fuse,56,,,arithmetic
loso,5,arithmetic,1388,0.6607142857142857,0.6428571428571429,-0.017857142857142794,0.13256346190797813,0.046512692381595624,False,always_nn,56,,,arithmetic
loso,5,arithmetic,1441,0.6071428571428571,0.75,0.1428571428571429,0.13256346190797813,0.046512692381595624,True,always_fuse,56,,,arithmetic
loso,5,arithmetic,1494,0.6607142857142857,0.6964285714285714,0.0357142857142857,0.13256346190797813,0.046512692381595624,False,always_nn,56,,,arithmetic
loso,5,arithmetic,1547,0.6607142857142857,0.7142857142857143,0.0535714285714286,0.13256346190797813,0.046512692381595624,True,always_fuse,56,,,arithmetic
loso,6,arithmetic,1335,0.6964285714285714,0.7321428571428571,0.0357142857142857,0.3719814990250258,0.09439629980500516,False,always_nn,56,,,arithmetic
loso,6,arithmetic,1388,0.7142857142857143,0.6964285714285714,-0.017857142857142905,0.3719814990250258,0.09439629980500516,False,always_nn,56,,,arithmetic
loso,6,arithmetic,1441,0.75,0.7321428571428571,-0.017857142857142905,0.3719814990250258,0.09439629980500516,False,always_nn,56,,,arithmetic
loso,6,arithmetic,1494,0.6964285714285714,0.6785714285714286,-0.017857142857142794,0.3719814990250258,0.09439629980500516,False,always_nn,56,,,arithmetic
loso,6,arithmetic,1547,0.6071428571428571,0.7321428571428571,0.125,0.3719814990250258,0.09439629980500516,True,always_fuse,56,,,arithmetic
loso,7,arithmetic,1335,0.6964285714285714,0.7321428571428571,0.0357142857142857,0.2927940152211979,0.07855880304423958,False,always_nn,56,,,arithmetic
loso,7,arithmetic,1388,0.7321428571428571,0.6964285714285714,-0.0357142857142857,0.2927940152211979,0.07855880304423958,False,always_nn,56,,,arithmetic
loso,7,arithmetic,1441,0.6964285714285714,0.7142857142857143,0.017857142857142905,0.2927940152211979,0.07855880304423958,False,always_nn,56,,,arithmetic
loso,7,arithmetic,1494,0.7321428571428571,0.7321428571428571,0.0,0.2927940152211979,0.07855880304423958,False,always_nn,56,,,arithmetic
loso,7,arithmetic,1547,0.6607142857142857,0.7142857142857143,0.0535714285714286,0.2927940152211979,0.07855880304423958,False,always_nn,56,,,arithmetic
loso,8,arithmetic,1335,0.625,0.6964285714285714,0.0714285714285714,0.18522915352185018,0.05704583070437004,True,always_fuse,56,,,arithmetic
loso,8,arithmetic,1388,0.625,0.6607142857142857,0.0357142857142857,0.18522915352185018,0.05704583070437004,False,always_nn,56,,,arithmetic
loso,8,arithmetic,1441,0.6607142857142857,0.6785714285714286,0.017857142857142905,0.18522915352185018,0.05704583070437004,False,always_nn,56,,,arithmetic
loso,8,arithmetic,1494,0.6964285714285714,0.6964285714285714,0.0,0.18522915352185018,0.05704583070437004,False,always_nn,56,,,arithmetic
loso,8,arithmetic,1547,0.6785714285714286,0.6785714285714286,0.0,0.18522915352185018,0.05704583070437004,False,always_nn,56,,,arithmetic
loso,9,arithmetic,1335,0.7321428571428571,0.7321428571428571,0.0,0.1847613085334562,0.05695226170669124,False,always_nn,56,,,arithmetic
loso,9,arithmetic,1388,0.7678571428571429,0.7321428571428571,-0.03571428571428581,0.1847613085334562,0.05695226170669124,False,always_nn,56,,,arithmetic
loso,9,arithmetic,1441,0.625,0.7321428571428571,0.1071428571428571,0.1847613085334562,0.05695226170669124,True,always_fuse,56,,,arithmetic
loso,9,arithmetic,1494,0.7142857142857143,0.75,0.0357142857142857,0.1847613085334562,0.05695226170669124,False,always_nn,56,,,arithmetic
loso,9,arithmetic,1547,0.7142857142857143,0.7857142857142857,0.0714285714285714,0.1847613085334562,0.05695226170669124,True,always_fuse,56,,,arithmetic
loso,10,arithmetic,1335,0.6428571428571429,0.7142857142857143,0.0714285714285714,0.5016028747622022,0.12032057495244046,False,always_nn,56,,,arithmetic
loso,10,arithmetic,1388,0.6607142857142857,0.6428571428571429,-0.017857142857142794,0.5016028747622022,0.12032057495244046,False,always_nn,56,,,arithmetic
loso,10,arithmetic,1441,0.6964285714285714,0.7321428571428571,0.0357142857142857,0.5016028747622022,0.12032057495244046,False,always_nn,56,,,arithmetic
loso,10,arithmetic,1494,0.6428571428571429,0.6785714285714286,0.0357142857142857,0.5016028747622022,0.12032057495244046,False,always_nn,56,,,arithmetic
loso,10,arithmetic,1547,0.6607142857142857,0.75,0.0892857142857143,0.5016028747622022,0.12032057495244046,False,always_nn,56,,,arithmetic
loso,11,arithmetic,1335,0.7321428571428571,0.7321428571428571,0.0,0.26955060129816955,0.07391012025963391,False,always_nn,56,,,arithmetic
loso,11,arithmetic,1388,0.75,0.7857142857142857,0.0357142857142857,0.26955060129816955,0.07391012025963391,False,always_nn,56,,,arithmetic
loso,11,arithmetic,1441,0.6607142857142857,0.7142857142857143,0.0535714285714286,0.26955060129816955,0.07391012025963391,False,always_nn,56,,,arithmetic
loso,11,arithmetic,1494,0.6785714285714286,0.6785714285714286,0.0,0.26955060129816955,0.07391012025963391,False,always_nn,56,,,arithmetic
loso,11,arithmetic,1547,0.6964285714285714,0.75,0.0535714285714286,0.26955060129816955,0.07391012025963391,False,always_nn,56,,,arithmetic
loso,12,arithmetic,1335,0.75,0.7142857142857143,-0.0357142857142857,0.12659160397632052,0.04531832079526411,False,always_nn,56,,,arithmetic
loso,12,arithmetic,1388,0.7142857142857143,0.7321428571428571,0.017857142857142794,0.12659160397632052,0.04531832079526411,False,always_nn,56,,,arithmetic
loso,12,arithmetic,1441,0.6607142857142857,0.7678571428571429,0.1071428571428572,0.12659160397632052,0.04531832079526411,True,always_fuse,56,,,arithmetic
loso,12,arithmetic,1494,0.7321428571428571,0.7142857142857143,-0.017857142857142794,0.12659160397632052,0.04531832079526411,False,always_nn,56,,,arithmetic
loso,12,arithmetic,1547,0.7321428571428571,0.7321428571428571,0.0,0.12659160397632052,0.04531832079526411,False,always_nn,56,,,arithmetic
loso,13,arithmetic,1335,0.6428571428571429,0.7321428571428571,0.08928571428571419,0.13585159473489955,0.047170318946979914,True,always_fuse,56,,,arithmetic
loso,13,arithmetic,1388,0.7321428571428571,0.7321428571428571,0.0,0.13585159473489955,0.047170318946979914,False,always_nn,56,,,arithmetic
loso,13,arithmetic,1441,0.7678571428571429,0.7142857142857143,-0.0535714285714286,0.13585159473489955,0.047170318946979914,False,always_nn,56,,,arithmetic
loso,13,arithmetic,1494,0.7321428571428571,0.75,0.017857142857142905,0.13585159473489955,0.047170318946979914,False,always_nn,56,,,arithmetic
loso,13,arithmetic,1547,0.7321428571428571,0.7678571428571429,0.03571428571428581,0.13585159473489955,0.047170318946979914,False,always_nn,56,,,arithmetic
loso,14,arithmetic,1335,0.6607142857142857,0.6964285714285714,0.0357142857142857,0.43071031322460646,0.1061420626449213,False,always_nn,56,,,arithmetic
loso,14,arithmetic,1388,0.6607142857142857,0.6964285714285714,0.0357142857142857,0.43071031322460646,0.1061420626449213,False,always_nn,56,,,arithmetic
loso,14,arithmetic,1441,0.6607142857142857,0.6964285714285714,0.0357142857142857,0.43071031322460646,0.1061420626449213,False,always_nn,56,,,arithmetic
loso,14,arithmetic,1494,0.6428571428571429,0.6964285714285714,0.05357142857142849,0.43071031322460646,0.1061420626449213,False,always_nn,56,,,arithmetic
loso,14,arithmetic,1547,0.6964285714285714,0.75,0.0535714285714286,0.43071031322460646,0.1061420626449213,False,always_nn,56,,,arithmetic
loso,15,arithmetic,1335,0.6607142857142857,0.7142857142857143,0.0535714285714286,1.0339347298066184,0.15,False,always_nn,56,,,arithmetic
loso,15,arithmetic,1388,0.625,0.75,0.125,1.0339347298066184,0.15,False,always_nn,56,,,arithmetic
loso,15,arithmetic,1441,0.75,0.75,0.0,1.0339347298066184,0.15,False,always_nn,56,,,arithmetic
loso,15,arithmetic,1494,0.7321428571428571,0.75,0.017857142857142905,1.0339347298066184,0.15,False,always_nn,56,,,arithmetic
loso,15,arithmetic,1547,0.6607142857142857,0.7678571428571429,0.1071428571428572,1.0339347298066184,0.15,False,always_nn,56,,,arithmetic
loso,1,stroop,1335,0.7291666666666666,0.6875,-0.04166666666666663,0.1905813295104228,0.05811626590208456,False,always_nn,56,,,stroop
loso,1,stroop,1388,0.75,0.7291666666666666,-0.02083333333333337,0.1905813295104228,0.05811626590208456,False,always_nn,56,,,stroop
loso,1,stroop,1441,0.6875,0.6666666666666666,-0.02083333333333337,0.1905813295104228,0.05811626590208456,False,always_nn,56,,,stroop
loso,1,stroop,1494,0.6875,0.7083333333333334,0.02083333333333337,0.1905813295104228,0.05811626590208456,False,always_nn,56,,,stroop
loso,1,stroop,1547,0.7291666666666666,0.6875,-0.04166666666666663,0.1905813295104228,0.05811626590208456,False,always_nn,56,,,stroop
loso,2,stroop,1335,0.6666666666666666,0.6458333333333334,-0.02083333333333326,0.1945750387919551,0.05891500775839102,False,always_nn,56,,,stroop
loso,2,stroop,1388,0.6875,0.6875,0.0,0.1945750387919551,0.05891500775839102,False,always_nn,56,,,stroop
loso,2,stroop,1441,0.7291666666666666,0.6666666666666666,-0.0625,0.1945750387919551,0.05891500775839102,False,always_nn,56,,,stroop
loso,2,stroop,1494,0.7083333333333334,0.7083333333333334,0.0,0.1945750387919551,0.05891500775839102,False,always_nn,56,,,stroop
loso,2,stroop,1547,0.7083333333333334,0.7083333333333334,0.0,0.1945750387919551,0.05891500775839102,False,always_nn,56,,,stroop
loso,3,stroop,1335,0.6666666666666666,0.625,-0.04166666666666663,0.16606474803228338,0.05321294960645667,False,always_nn,56,,,stroop
loso,3,stroop,1388,0.6666666666666666,0.6041666666666666,-0.0625,0.16606474803228338,0.05321294960645667,False,always_nn,56,,,stroop
loso,3,stroop,1441,0.6041666666666666,0.6666666666666666,0.0625,0.16606474803228338,0.05321294960645667,True,always_fuse,56,,,stroop
loso,3,stroop,1494,0.6458333333333334,0.625,-0.02083333333333337,0.16606474803228338,0.05321294960645667,False,always_nn,56,,,stroop
loso,3,stroop,1547,0.6041666666666666,0.6041666666666666,0.0,0.16606474803228338,0.05321294960645667,False,always_nn,56,,,stroop
loso,4,stroop,1335,0.7083333333333334,0.7083333333333334,0.0,1.154568413021321,0.15,False,always_nn,56,,,stroop
loso,4,stroop,1388,0.6458333333333334,0.6875,0.04166666666666663,1.154568413021321,0.15,False,always_nn,56,,,stroop
loso,4,stroop,1441,0.6875,0.6666666666666666,-0.02083333333333337,1.154568413021321,0.15,False,always_nn,56,,,stroop
loso,4,stroop,1494,0.6875,0.6875,0.0,1.154568413021321,0.15,False,always_nn,56,,,stroop
loso,4,stroop,1547,0.6458333333333334,0.6666666666666666,0.02083333333333326,1.154568413021321,0.15,False,always_nn,56,,,stroop
loso,5,stroop,1335,0.6458333333333334,0.6041666666666666,-0.04166666666666674,0.14015241453867297,0.048030482907734595,False,always_nn,56,,,stroop
loso,5,stroop,1388,0.6666666666666666,0.6041666666666666,-0.0625,0.14015241453867297,0.048030482907734595,False,always_nn,56,,,stroop
loso,5,stroop,1441,0.6666666666666666,0.6041666666666666,-0.0625,0.14015241453867297,0.048030482907734595,False,always_nn,56,,,stroop
loso,5,stroop,1494,0.6458333333333334,0.6458333333333334,0.0,0.14015241453867297,0.048030482907734595,False,always_nn,56,,,stroop
loso,5,stroop,1547,0.625,0.6875,0.0625,0.14015241453867297,0.048030482907734595,True,always_fuse,56,,,stroop
loso,6,stroop,1335,0.7083333333333334,0.6666666666666666,-0.04166666666666674,0.3269823551524855,0.0853964710304971,False,always_nn,56,,,stroop
loso,6,stroop,1388,0.6875,0.6875,0.0,0.3269823551524855,0.0853964710304971,False,always_nn,56,,,stroop
loso,6,stroop,1441,0.7291666666666666,0.6458333333333334,-0.08333333333333326,0.3269823551524855,0.0853964710304971,False,always_nn,56,,,stroop
loso,6,stroop,1494,0.6875,0.6458333333333334,-0.04166666666666663,0.3269823551524855,0.0853964710304971,False,always_nn,56,,,stroop
loso,6,stroop,1547,0.7083333333333334,0.6666666666666666,-0.04166666666666674,0.3269823551524855,0.0853964710304971,False,always_nn,56,,,stroop
loso,7,stroop,1335,0.6875,0.6666666666666666,-0.02083333333333337,0.3505906237616334,0.0901181247523267,False,always_nn,56,,,stroop
loso,7,stroop,1388,0.6458333333333334,0.625,-0.02083333333333337,0.3505906237616334,0.0901181247523267,False,always_nn,56,,,stroop
loso,7,stroop,1441,0.7291666666666666,0.625,-0.10416666666666663,0.3505906237616334,0.0901181247523267,False,always_nn,56,,,stroop
loso,7,stroop,1494,0.7291666666666666,0.6458333333333334,-0.08333333333333326,0.3505906237616334,0.0901181247523267,False,always_nn,56,,,stroop
loso,7,stroop,1547,0.6458333333333334,0.6041666666666666,-0.04166666666666674,0.3505906237616334,0.0901181247523267,False,always_nn,56,,,stroop
loso,8,stroop,1335,0.5833333333333334,0.6666666666666666,0.08333333333333326,0.1671023114766013,0.053420462295320256,True,always_fuse,56,,,stroop
loso,8,stroop,1388,0.625,0.6875,0.0625,0.1671023114766013,0.053420462295320256,True,always_fuse,56,,,stroop
loso,8,stroop,1441,0.6041666666666666,0.625,0.02083333333333337,0.1671023114766013,0.053420462295320256,False,always_nn,56,,,stroop
loso,8,stroop,1494,0.6458333333333334,0.6458333333333334,0.0,0.1671023114766013,0.053420462295320256,False,always_nn,56,,,stroop
loso,8,stroop,1547,0.5625,0.6458333333333334,0.08333333333333337,0.1671023114766013,0.053420462295320256,True,always_fuse,56,,,stroop
loso,9,stroop,1335,0.6666666666666666,0.7291666666666666,0.0625,0.23414586844442573,0.06682917368888515,False,always_nn,56,,,stroop
loso,9,stroop,1388,0.6458333333333334,0.6666666666666666,0.02083333333333326,0.23414586844442573,0.06682917368888515,False,always_nn,56,,,stroop
loso,9,stroop,1441,0.6458333333333334,0.6666666666666666,0.02083333333333326,0.23414586844442573,0.06682917368888515,False,always_nn,56,,,stroop
loso,9,stroop,1494,0.6041666666666666,0.6666666666666666,0.0625,0.23414586844442573,0.06682917368888515,False,always_nn,56,,,stroop
loso,9,stroop,1547,0.5416666666666666,0.6666666666666666,0.125,0.23414586844442573,0.06682917368888515,True,always_fuse,56,,,stroop
loso,10,stroop,1335,0.6875,0.6041666666666666,-0.08333333333333337,0.5355377002381914,0.12710754004763827,False,always_nn,56,,,stroop
loso,10,stroop,1388,0.625,0.6041666666666666,-0.02083333333333337,0.5355377002381914,0.12710754004763827,False,always_nn,56,,,stroop
loso,10,stroop,1441,0.6458333333333334,0.625,-0.02083333333333337,0.5355377002381914,0.12710754004763827,False,always_nn,56,,,stroop
loso,10,stroop,1494,0.7291666666666666,0.5833333333333334,-0.14583333333333326,0.5355377002381914,0.12710754004763827,False,always_nn,56,,,stroop
loso,10,stroop,1547,0.6666666666666666,0.6041666666666666,-0.0625,0.5355377002381914,0.12710754004763827,False,always_nn,56,,,stroop
loso,11,stroop,1335,0.6875,0.625,-0.0625,0.2655771440660366,0.07311542881320733,False,always_nn,56,,,stroop
loso,11,stroop,1388,0.6041666666666666,0.6666666666666666,0.0625,0.2655771440660366,0.07311542881320733,False,always_nn,56,,,stroop
loso,11,stroop,1441,0.6041666666666666,0.6041666666666666,0.0,0.2655771440660366,0.07311542881320733,False,always_nn,56,,,stroop
loso,11,stroop,1494,0.6666666666666666,0.6041666666666666,-0.0625,0.2655771440660366,0.07311542881320733,False,always_nn,56,,,stroop
loso,11,stroop,1547,0.7083333333333334,0.6666666666666666,-0.04166666666666674,0.2655771440660366,0.07311542881320733,False,always_nn,56,,,stroop
loso,12,stroop,1335,0.6458333333333334,0.6666666666666666,0.02083333333333326,0.09743005799937697,0.0394860115998754,False,always_nn,56,,,stroop
loso,12,stroop,1388,0.7083333333333334,0.75,0.04166666666666663,0.09743005799937697,0.0394860115998754,True,always_fuse,56,,,stroop
loso,12,stroop,1441,0.75,0.6875,-0.0625,0.09743005799937697,0.0394860115998754,False,always_nn,56,,,stroop
loso,12,stroop,1494,0.6875,0.7083333333333334,0.02083333333333337,0.09743005799937697,0.0394860115998754,False,always_nn,56,,,stroop
loso,12,stroop,1547,0.7083333333333334,0.6458333333333334,-0.0625,0.09743005799937697,0.0394860115998754,False,always_nn,56,,,stroop
loso,13,stroop,1335,0.6875,0.7083333333333334,0.02083333333333337,0.19771473296383463,0.05954294659276693,False,always_nn,56,,,stroop
loso,13,stroop,1388,0.7291666666666666,0.7083333333333334,-0.02083333333333326,0.19771473296383463,0.05954294659276693,False,always_nn,56,,,stroop
loso,13,stroop,1441,0.6458333333333334,0.7083333333333334,0.0625,0.19771473296383463,0.05954294659276693,True,always_fuse,56,,,stroop
loso,13,stroop,1494,0.7083333333333334,0.6666666666666666,-0.04166666666666674,0.19771473296383463,0.05954294659276693,False,always_nn,56,,,stroop
loso,13,stroop,1547,0.7083333333333334,0.6875,-0.02083333333333337,0.19771473296383463,0.05954294659276693,False,always_nn,56,,,stroop
