outer_subject,meta_subject,feature_shift,disagreement,entropy_nn,entropy_fuse,confidence_nn,benefit,feature_shift_original
1,2,0.2868452605279098,0.2748655345489287,0.2181440679338484,0.6400699575198386,0.9039876554009524,0.0,0.3412579298019409
1,3,0.24148770277798567,0.1946436380904595,0.0591152719032689,0.4895951302177466,0.972683138596384,0.0,0.2918071150779724
1,4,0.5855749431951333,0.2526482725004101,0.3224081096517281,0.6580346098937815,0.8559674053150584,0.0,0.9366871118545532
1,5,0.24871352201620522,0.2290433206916809,0.156338938982727,0.5728754786761641,0.932089699849938,0.0,0.3148122131824493
1,6,0.7850743921390596,0.258720078794046,0.2368901100334495,0.6385611112755235,0.8997993470340031,0.0,1005.9386596679688
1,7,0.39044588477382836,0.2965251208402003,0.2424871519823949,0.6454384726377232,0.8925208757853552,0.0,0.4609047472476959
1,8,0.37147151705155323,0.2510021047142519,0.1158926805715881,0.5698977080329481,0.951860740101689,0.0,0.4024284482002258
1,9,0.23610877296946053,0.1958209541598241,0.0709106549471074,0.4870276985754305,0.9690713203103544,-0.25,0.3136845231056213
1,10,0.37242385401040246,0.2631898884065218,0.2970030762575053,0.6450283281644941,0.8571086386202962,0.25,0.6321888566017151
1,11,0.35266966155006385,0.2582691288221794,0.1867930299583804,0.6043453057992484,0.9208788406103848,-0.25,0.3823632299900055
1,12,0.3124485124895958,0.2101186077011446,0.4377391002795909,0.6630556109101388,0.7919248446798248,0.0,0.4175350069999695
1,13,0.3030829430150058,0.2319694288811011,0.2484270546384479,0.6089475771003734,0.8929221611372463,0.0,0.3390465378761291
2,1,0.41734384080599374,0.3266534994467647,0.2970901474246163,0.6763785411027631,0.8716604631126018,0.0,0.5089206695556641
2,3,0.24492363839077633,0.2430336743331734,0.0946063989281444,0.5353834492356899,0.9593665119848752,-0.25,0.2903745174407959
2,4,0.5438075709143931,0.273011595770273,0.3614722069583017,0.678694944343985,0.8392019399111047,0.25,0.8975048065185547
2,5,0.2202229924254297,0.2240730217901105,0.0771824370216313,0.545071395437993,0.9661727779742444,-0.25,0.2879325449466705
2,6,0.7097695741279613,0.2648068732064569,0.2906971130597105,0.6288556930498881,0.8685747239594098,0.0,747.2974853515625
2,7,0.3447994904517033,0.3035371630108967,0.1361870792429832,0.629637680670224,0.9416304719866756,0.0,0.4276320040225982
2,8,0.381617606163951,0.2717391560088907,0.1098854633859929,0.598056159523354,0.95116977405612,-0.25,0.3889447450637817
2,9,0.2543198142547973,0.2039405219033083,0.0674191357290169,0.471979842224148,0.9714451652758448,0.0,0.3421603143215179
2,10,0.3798082545996916,0.3088683934677432,0.2563832073775745,0.6613216699348023,0.8826829932793397,0.25,0.6037259101867676
2,11,0.3682330898651718,0.2576720950912103,0.1704297104788073,0.6330679628362361,0.9240223259798118,-0.25,0.3913778364658355
2,12,0.3218301392687414,0.2633016498075702,0.3333860866746595,0.6561691102999124,0.8473402261734009,0.0,0.4085484445095062
2,13,0.3355339378264752,0.2417434829601602,0.2771477937960361,0.6189700217579532,0.8686318619088976,0.0,0.3632029891014099
3,1,0.42495841380149213,0.242893736217013,0.4293874402130497,0.6812099582251601,0.7932694128972648,-0.25,0.5277165174484253
3,2,0.2833987083338142,0.2340862107488134,0.3174729860749539,0.644588714708595,0.8496599826740581,0.0,0.3470015823841095
3,4,0.5730493525741673,0.2713762104871229,0.2546695958943742,0.6612070414708489,0.8926603186364267,0.0,0.9114366173744202
3,5,0.2293374181660391,0.2551888499506805,0.1701895631941176,0.5989503941485039,0.9304976271860528,0.0,0.2907038927078247
3,6,0.7391152686607523,0.236525096012842,0.4012988862962604,0.6557637396145691,0.8193931179654796,0.0,761.85205078125
3,7,0.36951323425859495,0.2949567387692884,0.2724352217617,0.6509091399263589,0.8836955375239501,0.0,0.4392963647842407
3,8,0.3535113208774979,0.2692574329863906,0.2754871916589539,0.6433704370206612,0.880982304226617,-0.25,0.3884572386741638
3,9,0.24712674820601815,0.244390001288464,0.0857366442172232,0.5526378303563886,0.9637656695244649,0.0,0.3163602352142334
3,10,0.3781521136892381,0.3192377184627073,0.1796367562980657,0.6392061409582406,0.9201774184056518,0.0,0.6100775599479675
3,11,0.34956976326108913,0.2624375167254287,0.3125343817557267,0.6439598756350888,0.8549958128659498,0.0,0.3826828002929687
3,12,0.31782717004592065,0.2130740400252966,0.4021124099383888,0.6627777547053164,0.8191659307977361,0.0,0.4031851291656494
3,13,0.3048484712689923,0.2175713806235266,0.3126998626803638,0.6089120175744634,0.8517356886289507,0.0,0.3410961925983429
4,1,0.42273884496650227,0.2461090071958393,0.3929668996776933,0.6802919907314002,0.816838177842349,0.0,0.5151848793029785
4,2,0.26140185232390745,0.2439036489521747,0.2541913818962308,0.6206543025940962,0.8841348772692874,0.0,0.3139216899871826
4,3,0.20991341205355663,0.219627843050149,0.076601843839758,0.5245802191642585,0.9686786280389418,0.0,0.2460314780473709
4,5,0.20444826343262817,0.2212020937064837,0.1486118848821144,0.5733774558315937,0.9384924379262056,0.0,0.2706051170825958
4,6,0.8515587856514741,0.2158359335511604,0.3470883392381547,0.6330739086254156,0.8644060073850777,0.0,769.6589965820312
4,7,0.43760931154734983,0.2268017469332915,0.2880207237945604,0.6422630618593076,0.8660622435224254,0.0,0.5158307552337646
4,8,0.3237196963735716,0.2557099093125497,0.0896277521796372,0.5947426781051233,0.9612120395531284,0.0,0.3584072589874267
4,9,0.20031221384260608,0.2044991051685804,0.1338298989782643,0.5501041687168992,0.9419939227120572,0.0,0.2822329401969909
4,10,0.5117123227417992,0.2066992199543732,0.4176896128856505,0.6580283033158106,0.791644572809615,0.25,0.7163216471672058
4,11,0.28320497630976005,0.2377915901082034,0.2270044936928202,0.6165084361598704,0.9018504492761124,0.0,0.3639257550239563
4,12,0.2742047617400535,0.2359873162124772,0.3603689298362288,0.6600541665137831,0.8370754984753089,0.0,0.3750924468040466
4,13,0.31690471789312136,0.2120202266451966,0.2639688217169673,0.6054283910487446,0.8754031655051946,0.0,0.3169493973255157
5,1,0.41973131698810573,0.2464785696406065,0.4365004332777004,0.6791454937144848,0.7913024390820887,-0.25,0.5340437889099121
5,2,0.28065288962077667,0.2775999534698375,0.2034725837362326,0.6421286329721699,0.9049801335900988,0.0,0.3362010419368744
5,3,0.23643568772650728,0.2459492131969868,0.0612603270134196,0.5733750082424814,0.9735981002188564,0.0,0.2789027690887451
5,4,0.5707908015408469,0.2881407124282531,0.4129672809925199,0.6879626302020093,0.8235767146081446,0.0,0.9135732650756836
5,6,0.7551728835333933,0.2388069410728412,0.4466566449627173,0.6697913951568508,0.7799373232723384,0.0,761.903564453125
5,7,0.3706015397184783,0.2626512361400625,0.2734502964531188,0.6431233090840791,0.8763846062027373,0.25,0.445499449968338
5,8,0.3585767866112429,0.2819382369842877,0.1346697254892818,0.6162219939692231,0.9426570997321254,-0.25,0.3915626406669616
5,9,0.2332542846049402,0.2265692656032014,0.078949926859788,0.5609999824119891,0.9668947593453004,0.0,0.312488317489624
5,10,0.3928037548574034,0.3238066122920807,0.2259774209475469,0.6645820133253644,0.903956343914566,0.25,0.6205590963363647
5,11,0.3338148204980782,0.2812958197116241,0.2032195438871439,0.6390195086371039,0.9113696525316864,-0.25,0.3767807483673095
5,12,0.3065114665327642,0.2615294914275067,0.3502616683838266,0.665795573926432,0.8468357947435272,0.0,0.4084703922271728
5,13,0.3176554932469092,0.2446098713704475,0.3403602645722863,0.6571387984500725,0.8371374567557796,0.25,0.3434138000011444
6,1,0.4246017059731417,0.2564622961668341,0.402941413093525,0.6787697178925378,0.8128523674164578,0.0,0.5304551124572754
6,2,0.263411418272509,0.2633058188520791,0.2350731884759337,0.6283601966668122,0.8906068436896842,0.0,0.3106392323970794
6,3,0.19754006600487448,0.2601452209500082,0.1048159063023514,0.5933671733948651,0.9556948625204856,0.0,0.2376675307750702
6,4,0.6388725945659717,0.227907839395299,0.2895518461708961,0.6278788168783811,0.9036741717708396,0.0,1.106054186820984
6,5,0.2284116856181227,0.2439106586586458,0.2070249782240044,0.618114797494856,0.9092416377681676,-0.25,0.281738817691803
6,7,0.47119451001914786,0.3421989505405473,0.0783982901404054,0.6419928788711154,0.974923963577602,0.0,0.5457894802093506
6,8,0.3355059533530407,0.3098933258924549,0.1390990357854737,0.6314705579245562,0.9388352183490272,0.0,0.3559620380401611
6,9,0.19392595940137497,0.2283614873774027,0.0637429808015469,0.5491831870028246,0.9736330014870066,-0.25,0.2830738425254822
6,10,0.41219555860970614,0.2617502056786396,0.2262444307758964,0.640180874235594,0.8884879304425913,0.0,0.7645322680473328
6,11,0.2911033442745748,0.2938233197458704,0.1744673850725207,0.6385946056668056,0.9270083874109244,0.0,0.3647274076938629
6,12,0.27106791217237863,0.255566901748204,0.3956842538582202,0.6684921805285479,0.8275619748124724,0.0,0.370600551366806
6,13,0.30263856568585124,0.2578753901537954,0.168966230310455,0.5979409414638774,0.9277347504156422,-0.25,0.3142901360988617
7,1,0.39548819790937084,0.2756657295581246,0.3866566115476462,0.6802613651773403,0.819108790131842,0.0,0.5203863978385925
7,2,0.25882739258877385,0.2737864270227143,0.2404946574019017,0.6324740918948085,0.8922323386105725,0.0,0.3202145099639892
7,3,0.19582194406785114,0.2640401946591231,0.1065067370316619,0.5762951463120003,0.9553651694665876,-0.25,0.2521382570266723
7,4,0.6183365435844517,0.2848653558865446,0.2618388709115111,0.6711882980685151,0.8833784572698972,0.25,0.974187970161438
7,5,0.2123469831911015,0.2418062165691908,0.2211701304265259,0.6077569126850232,0.9024637403813276,0.0,0.2808666229248047
7,6,0.7832243838739755,0.3082775378237518,0.330967790093438,0.6712513021031313,0.8473964831524988,-0.25,771.6573486328125
7,8,0.31930674136101145,0.300617506557443,0.125946750797498,0.6180178698895682,0.9477196784824852,-0.25,0.3617748022079468
7,9,0.2077132778056573,0.2224107585221542,0.0691743155472037,0.5290533595524912,0.9688907912916336,-0.25,0.2958492338657379
7,10,0.39030158101245027,0.3156565681219817,0.1048912328837248,0.6304684830108982,0.9555357549886077,0.0,0.6716650724411011
7,11,0.30635313280254356,0.2987242532655227,0.240004831296847,0.6515624491729772,0.8978524176137788,0.0,0.3593142926692962
7,12,0.26777698556442875,0.2324672941819686,0.3784685492177095,0.6587172987311422,0.8344966448711928,0.0,0.3752447664737701
7,13,0.30102886567823495,0.2590388854407339,0.1338047010637666,0.5905545338266845,0.9462682784747912,0.0,0.3164680302143097
8,1,0.4165600068439281,0.2691088527769872,0.4440291976122085,0.6801365760427378,0.792103520670127,0.0,0.5295720100402832
8,2,0.29027193433242493,0.2305601818466201,0.2768405733312762,0.6059819012575153,0.8793937907368812,0.0,0.3477867841720581
8,3,0.26157698730603873,0.257647065821177,0.0909379382748786,0.5673709001601429,0.9623688192744004,0.0,0.2904570996761322
8,4,0.558544576856638,0.338430367544197,0.2613470351659063,0.6778987869756443,0.8972377530370143,0.0,0.896277904510498
8,5,0.2339625595765897,0.2127358372014862,0.3026737835649226,0.6149539329416543,0.8679067338957931,0.0,0.3004634976387024
8,6,0.7152083563862477,0.2352506473123432,0.4014930134668464,0.6329148796505798,0.8284829915561429,0.0,810.2508544921875
8,7,0.34993875644154837,0.2991985763815435,0.2244242431672981,0.6415521994899306,0.9130896846600248,0.0,0.4269034564495086
8,9,0.2541077429102372,0.2222004775394127,0.1123798345169821,0.5197825500454518,0.9519265034627532,0.25,0.3179122507572174
8,10,0.3837575614395356,0.2962300876354862,0.2401249107786104,0.6556017260865677,0.9014675824276313,0.25,0.6047726273536682
8,11,0.3610421058431772,0.2024359797945489,0.4644223360534071,0.6626134648279963,0.771137574421508,0.0,0.4000463783740997
8,12,0.3340025652990076,0.2491960480725331,0.3119195820161414,0.6495655406189261,0.8758949861289219,-0.25,0.4252441823482513
8,13,0.3228462454149288,0.2334856711007969,0.3432579272147508,0.6330665150411126,0.8358419126657083,-0.25,0.3553935885429382
9,1,0.3871710900481091,0.2739022967061774,0.4192652596722029,0.6791434500710356,0.8043829695554093,0.0,0.5087307095527649
9,2,0.27977124275014764,0.2674216161097792,0.2196455126451379,0.6175819385432862,0.8994402147144323,0.0,0.374809592962265
9,3,0.24519398789265545,0.1991093676188793,0.0440530909820786,0.4849657714287948,0.982996719657329,0.0,0.2836017608642578
9,4,0.570431616845495,0.3216128089217049,0.254066720987312,0.6664681695565766,0.8837433400237222,0.25,0.909904420375824
9,5,0.23976333457760843,0.1922839907317479,0.1747930270050203,0.5547750698077709,0.9252276628306416,0.0,0.2952877581119537
9,6,0.7285575741357279,0.2416854512066702,0.3943220221846564,0.6493296968692723,0.8122885646969906,0.25,777.95166015625
9,7,0.3520794451190048,0.2451463586961652,0.3313948103923851,0.6419220560354993,0.8407462068494278,0.0,0.4349265396595001
9,8,0.38248113343247214,0.2864639730342755,0.2901323325837578,0.6453842243491344,0.8662744174853726,0.5,0.3860015869140625
9,10,0.3833171407892948,0.2881714444662877,0.2375205227911788,0.6431672127029786,0.8915861394714947,0.25,0.6118978261947632
9,11,0.3629196122497841,0.243153927168951,0.1525208870072027,0.5876558714210783,0.9355539581960156,-0.25,0.3810834884643554
9,12,0.3074121574285935,0.2290730125344182,0.3783417683744659,0.6517465674924042,0.8334018567017912,0.0,0.4038800895214081
9,13,0.3476926934134052,0.2449625262194057,0.2205843299708856,0.6063347904660575,0.9053719394286056,0.0,0.3687205016613006
10,1,0.41919809622940707,0.2764519053724427,0.4133316587761356,0.6793881217043082,0.8145308029049206,-0.25,0.5247147083282471
10,2,0.26424156911463703,0.2606131536871013,0.2334255985883992,0.6166488076619896,0.8972428212759798,0.0,0.3178577721118927
10,3,0.19000168440162454,0.2721937638916664,0.1162183888096709,0.5836082289318152,0.9508034782451495,-0.25,0.2409072816371917
10,4,0.6358656829952444,0.2780261468879402,0.2814737905607593,0.6720791515891872,0.8805571950339024,0.0,1.0295602083206177
10,5,0.20665710479628574,0.2620857825680389,0.1516806683958602,0.6020396295574933,0.9350036992268128,0.0,0.2807359993457794
10,6,0.7939422581503313,0.2209441621345467,0.5008519082863071,0.6679797422738544,0.7611275123580327,0.0,800.5565185546875
10,7,0.4045366445298747,0.3142452286177792,0.2112304377046907,0.6472817475222937,0.9145313804339128,0.0,0.5212419033050537
10,8,0.30718425570329316,0.3145739149275016,0.1431156557186417,0.6193851717808209,0.9412101331409116,-0.25,0.3588130176067352
10,9,0.19673401997415257,0.2231726887538375,0.0472257909171775,0.5136847506356024,0.9809571981839708,-0.25,0.2919899523258209
10,11,0.3011556342656443,0.2200029849363404,0.4398582064466079,0.6700485870845263,0.7923886361753657,0.0,0.3647420406341553
10,12,0.2699145465544056,0.2255161673497384,0.3980460832314009,0.6627265108486252,0.8265161302843599,0.0,0.3770472705364227
10,13,0.294129713850399,0.2341877913754674,0.2726175028502273,0.619525756233889,0.8748833879334348,0.0,0.3208445906639099
11,1,0.4050098604084468,0.2557100485082829,0.350520384997064,0.6616684488289376,0.8450902631965567,-0.25,0.5039450526237488
11,2,0.2952049400553065,0.2486667189701331,0.2131028078111682,0.6027008938994295,0.9057532013919772,0.0,0.343304693698883
11,3,0.2358841574153845,0.2271954623168616,0.0741524708270617,0.5348593972050834,0.969532447112234,0.0,0.276454210281372
11,4,0.579149007500618,0.2897673992788881,0.3435914077268279,0.6776270116953496,0.8547296685071293,0.0,0.9086453318595886
11,5,0.2314676291834974,0.2397109658018736,0.1606775932348988,0.5719864250048609,0.9340289635188652,0.0,0.2817594110965729
11,6,0.7459509425307758,0.2157672342260012,0.4864540521726342,0.6332919876397806,0.770265933656428,0.25,756.7245483398438
11,7,0.3551375504110804,0.297626605828599,0.1946370116191923,0.6411439266024622,0.9182000238441496,0.0,0.4288440644741058
11,8,0.3565467963597717,0.2844606335056833,0.1911328576825726,0.6407031675927913,0.9192082718933556,0.0,0.395218938589096
11,9,0.23463578141219205,0.2264222417914544,0.0685645451818816,0.5169181385273293,0.9711320232962688,-0.25,0.3062171339988708
11,10,0.38533012867886635,0.2280527199246126,0.3681389898841619,0.6552339766605672,0.8212854148565617,0.25,0.6117875576019287
11,12,0.32639507196224005,0.1919993290023686,0.4667001591850108,0.6616654267389277,0.7843143724706353,0.0,0.4303894639015198
11,13,0.3371563203770107,0.2286294582830418,0.3096150338950159,0.6227827753579838,0.8571312011432481,0.0,0.3621155917644501
12,1,0.39637752274808796,0.2519948709259911,0.4490007261594128,0.6710334367950566,0.788496571788379,0.0,0.5806085467338562
12,2,0.3036159093366637,0.2633247923980624,0.2269698616726798,0.6351879829646663,0.8942303654756202,0.0,0.3478176593780517
12,3,0.23785660312683207,0.2271434287744841,0.0702688489478766,0.5243162678007358,0.969057482167294,0.0,0.2797553539276123
12,4,0.580476545905223,0.2731126695115081,0.4130072493982843,0.6789479366081959,0.8065297053010895,0.0,0.9199786186218262
12,5,0.2298638339258213,0.2160393915818372,0.1226737079007118,0.5622303339087781,0.9473888505588878,-0.25,0.29690882563591
12,6,0.725455485343983,0.2083509683502294,0.4207847037047023,0.661255720804737,0.8047000386798668,0.0,848.0726928710938
12,7,0.3568575505504685,0.2529834065868547,0.2468189165309303,0.613612704735612,0.8847841679939721,0.25,0.4338901340961456
12,8,0.35134474019089773,0.2645916527176113,0.109123464886309,0.5668354006031805,0.9528654187358416,0.0,0.4016964435577392
12,9,0.24575110255964136,0.2002335869421836,0.0479812683982386,0.4933229219969524,0.9806939982739784,-0.25,0.3130033612251282
12,10,0.39497385786387884,0.3047761841318536,0.2305174829923655,0.6501704094747796,0.9056063763809848,0.0,0.618215024471283
12,11,0.3521587121673654,0.245122250103582,0.4084801616973277,0.6707768951236885,0.8094532927941709,0.0,0.4154539406299591
12,13,0.331783676794471,0.2179242023346012,0.1077633489495244,0.5260183718985851,0.9527001620171166,0.0,0.3730559945106506
13,1,0.3907901941005233,0.2569818167045454,0.416960974613978,0.6787976002532999,0.8091727865782851,0.0,0.5061340928077698
13,2,0.2855689416550986,0.2668309952967901,0.2119009532014858,0.62890888630332,0.9060863636702958,0.0,0.3515233099460602
13,3,0.24162326521190752,0.2233781859583355,0.0814356258864662,0.524740452970247,0.9665814696696766,0.0,0.2720320224761963
13,4,0.5772840784533402,0.3837017728887433,0.117838233278811,0.6743536820689877,0.9646093118164794,0.0,0.9211408495903016
13,5,0.22756771489066457,0.2272825951865238,0.1900206484737495,0.5857835732921178,0.9221117146990516,0.0,0.2921499907970428
13,6,0.7438644638810767,0.2231403236687358,0.4171415075866023,0.6415660864023693,0.8061170394010773,0.0,761.91943359375
13,7,0.3616928096682037,0.2833904032746592,0.2651786238218264,0.6505193902782678,0.891934195199427,0.0,0.4330317080020904
13,8,0.3594508419287451,0.2685800943485656,0.1057311697996057,0.5776923415135372,0.9565729205633936,-0.25,0.3887014389038086
13,9,0.2390173117273225,0.187312453245066,0.0487828946483434,0.4857248416553744,0.9798320324969864,-0.25,0.3276783525943756
13,10,0.3972044580798984,0.289500717991475,0.1933462550919407,0.6338964818962826,0.9210092882683868,0.0,0.6186922192573547
13,11,0.3469592794593812,0.1918827417010773,0.4383399073105174,0.6524157630399146,0.7840061764277163,0.25,0.3958611190319061
13,12,0.3055735908452302,0.2271609089327996,0.4142337598979515,0.6651948405672679,0.8102563594738514,0.0,0.4249115586280823
